report_id,wellbore_id,pdf_name,page_number,row_index,Run No.,Bit Size,Bit Type,IADC Code,Manufacturer,Hrs Drilled,Start mMD,End mMD,Hole Made (last 24H),Hours Drilled (last 24H),Form ROP,Total ROP,Total Hole Made,Total Hrs Drilled
377,15/9-F-10,15_9_F_10_2009_04_08.pdf,1,1,1,17.5 in,XR+VEC,115,Smith Internation al,16,142.9,142.9,,,4,3.8,61.1,16
377,15/9-F-10,15_9_F_10_2009_04_08.pdf,1,2,1,36 in,HOLEOPE N,435X,Smith Red Baron,16,142.9,142.9,,,3.8,3.9,62.1,16
385,15/9-F-10,15_9_F_10_2009_04_16.pdf,1,1,2,26 in,MG04B,415,Smith Internation al,51.8,207,207,,,23,22.9,19,52.4
393,15/9-F-10,15_9_F_10_2009_04_24.pdf,1,1,3,17.5 in,RSR716M-C 9,,REED,3.2,1400,1400,,,19.7,19.7,63,3.2
400,15/9-F-10,15_9_F_10_2009_05_01.pdf,1,1,4,17.5 in,RSR716M-C 9,,REED,74.1,1463,1463,,,15.6,15.6,1153,74.1
407,15/9-F-10,15_9_F_10_2009_05_08.pdf,1,1,5,12.25 in,MDI716,M323,Smith Internation al,8.5,2616,2616,,,24.6,24.6,209,8.5
411,15/9-F-10,15_9_F_10_2009_05_12.pdf,1,1,6,12.25 in,MDI716,M323,Smith Internation al,49.2,2825,2825,,,10,10,494,49.2
414,15/9-F-10,15_9_F_10_2009_05_15.pdf,1,1,7,12.25 in,RSX819S,S422,HYCALOG,18.7,3319,3319,,,6.6,6.6,123,18.7
423,15/9-F-10,15_9_F_10_2009_05_24.pdf,1,1,9,8.5 in,RSR716D-C 8,M422,Reed-Hycalog,75.7,3442,3442,,,3.3,3.3,253.5,75.7
430,15/9-F-10,15_9_F_10_2009_05_31.pdf,1,1,10,8.5 in,RSR816M-C 1,M422,HYCALOG,65,3695.5,3695.5,,,18.7,18.7,1215.5,65
434,15/9-F-10,15_9_F_10_2009_06_04.pdf,1,1,1,8.5 in,RSR816M-C 1,M422,HYCALOG,19.6,4911,4911,,,21.4,21.4,420,19.6
449,15/9-F-11,15_9_F_11_2013_03_10.pdf,1,1,1,17.5 in,VM-T303DX 0,415,Hughes Christens en,10.8,146,146,,,5.7,5.7,62,10.8
452,15/9-F-11,15_9_F_11_2013_03_13.pdf,1,1,4,26 in,VG-03M,415,Hughes Christense n,1.2,208,208,,,13.3,10.8,28,2.6
457,15/9-F-11,15_9_F_11_2013_03_18.pdf,1,1,5,26 in,VG-03M,415,Hughes Christense n,7.6,224,224,,,16.2,16.2,123,7.6
460,15/9-F-11,15_9_F_11_2013_03_21.pdf,1,1,6,26 in,VG-1,115,Hughes Christense n,,224,224,,,,0,,7.6
473,15/9-F-11 A,15_9_F_11_A_2013_05_25.pdf,1,1,1,8.5 in,TD406X,,Hughes Christense n,58,2586,2586,,,20.3,20.5,1176,57.5
477,15/9-F-11 A,15_9_F_11_A_2013_05_29.pdf,1,1,2,12.25 in,QD507X,M423,Hughes Christense n,10.4,2585,2585,,,19.4,18.5,264,14.3
480,15/9-F-11 B,15_9_F_11_B_2013_05_31.pdf,1,1,1,12.25 in,QD507X,M423,Hughes Christense n,25.1,2585,2585,,,13.2,13.4,389,29
481,15/9-F-11 B,15_9_F_11_B_2013_06_01.pdf,1,1,2,12.25 in,DP605,M323,Hughes Christense n,10.1,2917,2917,,,27.7,27.7,280,10.1
487,15/9-F-11 B,15_9_F_11_B_2013_06_07.pdf,1,1,3,8.5 in,RC347,347,Hughes Christense n,0,3197,3197,,,,30.7,46,1.5
493,15/9-F-11 B,15_9_F_11_B_2013_06_13.pdf,1,1,4,8.5 in,DP406X,M233,Hughes Christense n,80.5,3197,3197,,,19.5,19.5,1573,80.5
570,15/9-F-11 T2,15_9_F_11_T2_2013_03_26.pdf,1,1,7,26 in,VG-1,115,Hughes Christense n,15,257,257,,,13.2,9.8,210.6,21.6
578,15/9-F-11 T2,15_9_F_11_T2_2013_04_03.pdf,1,1,8,26 in,VG-1,115,Hughes Christense n,45.2,454,454,,,20.2,20.2,911,45.2
597,15/9-F-11 T2,15_9_F_11_T2_2013_04_22.pdf,1,1,9,17.5 in,QD506X,M323,Hughes Christense n,56.9,1365,1365,,,21.2,19.4,1312,67.5
603,15/9-F-11 T2,15_9_F_11_T2_2013_04_28.pdf,1,1,10,12.25 in,VM-1,117,Hughes Christense n,.1,2574,2574,,,30,15.2,126,8.3
612,15/9-F-11 T2,15_9_F_11_T2_2013_05_07.pdf,1,1,1,8.5 in,QD606F X,M323,Hughes Christense n,112.7,2577,2577,,,17.6,17.6,1985,112.7
612,15/9-F-11 T2,15_9_F_11_T2_2013_05_07.pdf,1,2,12,8.5 in,RC347,347,Hughes Christense n,,4562,4562,,,,,,
619,15/9-F-11 T2,15_9_F_11_T2_2013_05_14.pdf,1,1,13,8.5 in,TD406X,,Hughes Christense n,2.8,2586,2586,,,10.4,10.4,29,2.8
623,15/9-F-12,15_9_F_12_2007_06_16.pdf,1,1,1,36 in,HOLEOPEN,435X,Smith Red Baro n,1.6,250,250,,,5,5,8,1.6
623,15/9-F-12,15_9_F_12_2007_06_16.pdf,1,2,1,17.5 in,GS03BDODGVC PD,415X,Smith International,1.6,250,250,,,5,5,8,1.6
630,15/9-F-12,15_9_F_12_2007_06_23.pdf,1,1,2,12.25 in,HP21G,217,REED,3,250,250,,,6.2,,,
639,15/9-F-12,15_9_F_12_2007_07_02.pdf,1,1,3,8.5 in,GFS06H V,427,Smith Internation al,43.4,261.4,261.4,,,25.2,25.2,1091.6,43.4
649,15/9-F-12,15_9_F_12_2007_07_12.pdf,1,1,4,26 in,MG04B,415,Smith Internation al,34.2,251,251,,,32.7,32.7,1118,34.2
666,15/9-F-12,15_9_F_12_2007_07_29.pdf,1,1,6,17.5 in,RSX616 M,M322,Reed-Hycalog,53.8,1369,1369,,,21.3,21.3,14,53.8
669,15/9-F-12,15_9_F_12_2007_08_01.pdf,1,1,7,17.5 in,MGGHC,135,Smith Internation al,11.6,2513,2513,,,5.1,5.1,59.5,11.6
677,15/9-F-12,15_9_F_12_2007_08_09.pdf,1,1,9,12.25 in,RS616M-A1 2,M332,Reed-Hycalog,,2572.5,2572.5,,,,,,
678,15/9-F-12,15_9_F_12_2007_08_10.pdf,1,1,10,12.25 in,RS616M-A1 2,M332,Reed-Hycalog,,25725,25725,,,,,,
686,15/9-F-12,15_9_F_12_2007_08_18.pdf,1,1,1,12.25 in,RS616M-A1 2,M332,Reed-Hycalog,92.6,2572,2572,,,5.9,5.4,542,101.3
695,15/9-F-12,15_9_F_12_2007_08_27.pdf,1,1,12,8.5 in,MDI 616 LBP X,M222,Smith Internation al,42.3,3114,3114,,,9.6,9.6,406,42.3
699,15/9-F-12,15_9_F_12_2007_08_31.pdf,1,1,16,6 in,N.A.,,Unknown,,,,,,,,,
788,15/9-F-14,15_9_F_14_2007_11_08.pdf,1,1,1,17.5 in,XR+,117,Smith Internation al,7.7,145,145,,,7.7,7.7,59,7.7
788,15/9-F-14,15_9_F_14_2007_11_08.pdf,1,2,1,36 in,HOLEOPE N,435X,Smith Red Baron,7.3,145,145,,,7.7,7.7,56,7.3
802,15/9-F-14,15_9_F_14_2007_12_09.pdf,1,1,3,26 in,MG04BC,415,Smith Internation al,45.2,206,206,,,19.4,19.4,877,45.2
816,15/9-F-14,15_9_F_14_2008_05_16.pdf,1,1,5,17.5 in,RSR616 M,M322,Reed-Hycalog,46.5,1083,1083,,,25.8,24.2,1228,50.8
825,15/9-F-14,15_9_F_14_2008_05_25.pdf,1,1,6,12.25 in,MDI716,M323,Smith Internation al,24.9,2281,2281,,,20.4,18.7,541,28.9
847,15/9-F-14,15_9_F_14_2008_06_16.pdf,1,1,18,8.5 in,MDI716,M323,Smith Internation al,61.3,2788,2788,,,15.7,13.6,831,61.3
929,15/9-F-15,15_9_F_15_2007_12_28.pdf,1,1,1,26 in,N.A.,,Unknown,,,,,,,,,
942,15/9-F-15,15_9_F_15_2008_09_23.pdf,1,1,3,17.5 in,NA,,Hycalog,.3,1378,1378,,,10,10,3,.3
943,15/9-F-15,15_9_F_15_2008_09_24.pdf,1,1,4,12.25 in,RS616M-A1 2,M332,Reed-Hycalog,0,1381,1381,,,,,0,0
949,15/9-F-15,15_9_F_15_2008_09_30.pdf,1,1,5,12.25 in,RS616M-A1 2,M332,Reed-Hycalog,5,1381,1381,,,21,21,15,5
967,15/9-F-15,15_9_F_15_2008_11_22.pdf,1,1,6,8.5 in,MDI716,M323,Smith Internation al,81.2,2536,2536,,,14,69.1,1134,16.4
975,15/9-F-15,15_9_F_15_2008_11_30.pdf,1,1,7,8.5 in,MDI616LGBP X,,Smith Internation al,43.8,3670,3670,,,9.6,9.6,420,43.8
979,15/9-F-15,15_9_F_15_2008_12_04.pdf,1,1,9,8.25 in,N.A.,,Unknown,,,,,,,,,
985,15/9-F-15,15_9_F_15_2008_12_10.pdf,1,1,15,17.5 in,RSR616 M,M322,Reed-Hycalog,,,,,,,,,
994,15/9-F-15 A,15_9_F_15_A_2008_12_17.pdf,1,1,2,17.5 in,NA,,Hycalog,.3,1378,1378,,,10,10,3,.3
994,15/9-F-15 A,15_9_F_15_A_2008_12_17.pdf,1,2,16,17.5 in,RSR616 M,M322,Reed-Hycalog,80,1381,1381,,,15.1,15.1,1210,80
