report_id,wellbore_id,pdf_name,page_number,row_index,Time,Class,Depth to Top mMD,Depth to Bottom MD,Depth to Top mTVD,Depth to Bottom TVD,Highest Gas (%),Lowest Gas (),C1 (ppm),C2 (ppm),C3 (ppm),IC4 (ppm),IC5 (ppm),Depth to Top TVD
3,15/9-19 A,15_9_19_A_1997_07_26.pdf,2,1,00:00,drilling gas pea k,2213,,1644,,.1,,800,10,-999.99,-999.99,-999.99,
7,15/9-19 A,15_9_19_A_1997_07_30.pdf,2,1,00:00,drilling gas pea k,2231,,1654.2,,.3,,1588,21,7,1,-999.99,
7,15/9-19 A,15_9_19_A_1997_07_30.pdf,2,2,00:00,drilling gas pea k,2237,,1657.3,,.37,,2812,26,21,1,-999.99,
7,15/9-19 A,15_9_19_A_1997_07_30.pdf,2,3,00:00,drilling gas pea k,2384,,1756.1,,.51,,3430,23,21,2,-999.99,
8,15/9-19 A,15_9_19_A_1997_07_31.pdf,2,1,00:00,drilling gas pea k,2712,,2025.4,,.34,,2494,30,12,2,-999.99,
9,15/9-19 A,15_9_19_A_1997_08_01.pdf,2,1,00:00,trip gas,2768,,2075.7,,.05,,280,15,2,-999.99,-999.99,
12,15/9-19 A,15_9_19_A_1997_08_04.pdf,2,1,00:00,connection ga s,2912,,,,1.01,,7304,72,23,2,-999.99,
12,15/9-19 A,15_9_19_A_1997_08_04.pdf,2,2,00:00,connection ga s,2942,,,,.83,,5763,38,2,2,-999.99,
12,15/9-19 A,15_9_19_A_1997_08_04.pdf,2,3,00:00,connection ga s,2970,,,,.69,,4742,146,30,2,-999.99,
13,15/9-19 A,15_9_19_A_1997_08_05.pdf,2,1,00:00,trip gas,20,,,,2.2,,16527,20,19,3,-999.99,
13,15/9-19 A,15_9_19_A_1997_08_05.pdf,2,2,00:00,connection ga s,3029,,,,.52,,2681,27,17,1,-999.99,
13,15/9-19 A,15_9_19_A_1997_08_05.pdf,2,3,00:00,trip gas,3057,,,,1.4,,60,741,18,3,-999.99,
14,15/9-19 A,15_9_19_A_1997_08_06.pdf,2,1,00:00,connection ga s,3089,,,,.23,,1275,38,9,1,-999.99,
14,15/9-19 A,15_9_19_A_1997_08_06.pdf,2,2,00:00,connection ga s,3116,,,,.2,,1180,29,4,-999.99,-999.99,
14,15/9-19 A,15_9_19_A_1997_08_06.pdf,2,3,00:00,connection ga s,3146,,,,.18,,960,24,6,1,-999.99,
14,15/9-19 A,15_9_19_A_1997_08_06.pdf,2,4,00:00,connection ga s,3175,,,,.8,,4366,121,42,1,-999.99,
14,15/9-19 A,15_9_19_A_1997_08_06.pdf,2,5,00:00,connection ga s,3203,,,,1.5,,13600,105,28,1,-999.99,
14,15/9-19 A,15_9_19_A_1997_08_06.pdf,2,6,00:00,connection ga s,3232,,,,1.07,,7191,258,46,3,-999.99,
14,15/9-19 A,15_9_19_A_1997_08_06.pdf,2,7,00:00,connection ga s,3319,,,,.58,,4239,79,24,2,-999.99,
14,15/9-19 A,15_9_19_A_1997_08_06.pdf,2,8,00:00,connection ga s,3349,,,,.15,,650,20,1,1,-999.99,
14,15/9-19 A,15_9_19_A_1997_08_06.pdf,2,9,00:00,connection ga s,3379,,,,1.36,,10024,43,284,7,-999.99,
15,15/9-19 A,15_9_19_A_1997_08_07.pdf,2,1,00:00,connection gas,3405,,,,1.52,,10418,4,41,3,-999.99,
15,15/9-19 A,15_9_19_A_1997_08_07.pdf,2,2,00:00,connection gas,3435,,,,1.17,,7028,1521,30,2,-999.99,
15,15/9-19 A,15_9_19_A_1997_08_07.pdf,2,3,00:00,connection gas,3464,,,,1.67,,12968,43,2,4,-999.99,
15,15/9-19 A,15_9_19_A_1997_08_07.pdf,2,4,00:00,drilling gas pea k,3466,,,,.75,,4795,43,18,2,-999.99,
15,15/9-19 A,15_9_19_A_1997_08_07.pdf,2,5,00:00,connection gas,3494,,,,1.32,,8246,38,31,2,-999.99,
15,15/9-19 A,15_9_19_A_1997_08_07.pdf,2,6,00:00,connection gas,3524,,,,.61,,4211,45,26,1,-999.99,
15,15/9-19 A,15_9_19_A_1997_08_07.pdf,2,7,00:00,connection gas,3552,,,,1.26,,8514,47,3,3,-999.99,
16,15/9-19 A,15_9_19_A_1997_08_08.pdf,2,1,00:00,connection ga s,3581,,,,1.34,,9654,169,53,4,-999.99,
16,15/9-19 A,15_9_19_A_1997_08_08.pdf,2,2,00:00,connection ga s,3632,,,,.68,,3100,68,1,3,-999.99,
17,15/9-19 A,15_9_19_A_1997_08_09.pdf,2,1,00:00,trip gas,3632,,2866,,3.08,,25386,1440,3,1,1,
17,15/9-19 A,15_9_19_A_1997_08_09.pdf,2,2,00:00,connection ga s,3637,,,,.59,,4511,41,30,1,-999.99,
18,15/9-19 A,15_9_19_A_1997_08_10.pdf,2,1,00:00,trip gas,3653,,,,2.35,,20061,1110,48,2,-999.99,
18,15/9-19 A,15_9_19_A_1997_08_10.pdf,2,2,00:00,connection ga s,3694,,,,1.21,,8347,459,106,14,6,
18,15/9-19 A,15_9_19_A_1997_08_10.pdf,2,3,00:00,connection ga s,3753,,,,.58,,4143,101,80,6,4,
19,15/9-19 A,15_9_19_A_1997_08_11.pdf,2,1,00:00,connection gas,3781,,,,.96,,6646,242,134,10,6,
19,15/9-19 A,15_9_19_A_1997_08_11.pdf,2,2,00:00,drilling gas pea k,3800,,,,1.43,,8058,747,270,25,8,
19,15/9-19 A,15_9_19_A_1997_08_11.pdf,2,3,00:00,connection gas,3811,,,,1.07,,6142,108,72,5,4,
20,15/9-19 A,15_9_19_A_1997_08_12.pdf,2,1,00:00,trip gas,3823,,,,2.33,,12553,1582,266,23,6,
20,15/9-19 A,15_9_19_A_1997_08_12.pdf,2,2,00:00,drilling gas pea k,3828,,,,2.2,,14753,1006,310,20,6,
21,15/9-19 A,15_9_19_A_1997_08_13.pdf,2,1,00:00,drilling gas pea k,3844,,,,1.29,,9449,571,140,12,1,
23,15/9-19 A,15_9_19_A_1997_08_15.pdf,2,1,00:00,trip gas,3881.5,,3089.3,,2.45,,22386,2259,464,36,6,
23,15/9-19 A,15_9_19_A_1997_08_15.pdf,2,2,00:00,drilling gas pea k,3894,,,,12.75,,87345,5653,2923,155,68,
24,15/9-19 A,15_9_19_A_1997_08_16.pdf,2,1,00:00,trip gas,3908.5,,,,4.49,,34589,1301,422,52,15,
24,15/9-19 A,15_9_19_A_1997_08_16.pdf,2,2,00:00,drilling gas pea k,3911.5,,,,9.08,,61294,4287,2079,111,28,
24,15/9-19 A,15_9_19_A_1997_08_16.pdf,2,3,00:00,drilling gas pea k,3930.5,,,,1.86,,12293,2100,287,24,10,
24,15/9-19 A,15_9_19_A_1997_08_16.pdf,2,4,00:00,drilling gas pea k,3935.5,,,,.71,,5299,318,145,14,9,
25,15/9-19 A,15_9_19_A_1997_08_17.pdf,2,1,00:00,drilling gas pea k,3937,,,,1.73,,14433,18,138,17,7,
25,15/9-19 A,15_9_19_A_1997_08_17.pdf,2,2,00:00,drilling gas pea k,3944.5,,,,1.68,,12512,1304,138,19,8,
26,15/9-19 A,15_9_19_A_1997_08_18.pdf,2,1,00:00,trip gas,3962.5,,,,3.38,,28244,1151,62,10,1,
26,15/9-19 A,15_9_19_A_1997_08_18.pdf,2,2,00:00,drilling gas pea k,3971,,,,1.67,,12551,562,83,1,6,
26,15/9-19 A,15_9_19_A_1997_08_18.pdf,2,3,00:00,drilling gas pea k,3978,,,,1.4,,9666,678,94,13,14,
27,15/9-19 A,15_9_19_A_1997_08_19.pdf,2,1,00:00,trip gas,3990,,,,2.9,,19853,1301,60,6,3,
27,15/9-19 A,15_9_19_A_1997_08_19.pdf,2,2,00:00,drilling gas pea k,4007,,,,.41,,2406,244,24,1,2,
29,15/9-19 A,15_9_19_A_1997_08_21.pdf,2,1,00:00,trip gas,4017,,,,5.7,,45852,1304,34,8,2,
29,15/9-19 A,15_9_19_A_1997_08_21.pdf,2,2,00:00,drilling gas pea k,4046,,,,.72,,5439,396,49,2,2,
30,15/9-19 A,15_9_19_A_1997_08_22.pdf,2,1,00:00,connection gas,4072,,,,.72,,4557,188,20,2,2,
30,15/9-19 A,15_9_19_A_1997_08_22.pdf,2,2,00:00,drilling gas pea k,4095,,,,.33,,2271,124,14,1,2,
30,15/9-19 A,15_9_19_A_1997_08_22.pdf,2,3,00:00,connection gas,4104,,,,.23,,1608,95,14,1,2,
30,15/9-19 A,15_9_19_A_1997_08_22.pdf,2,4,00:00,drilling gas pea k,4109,,,,.26,,1974,131,14,1,2,
36,15/9-19 A,15_9_19_A_1997_08_28.pdf,2,1,00:00,trip gas,2168,,1619,,5.32,,42965,1531,52,1,-999.99,
37,15/9-19 A,15_9_19_A_1997_08_29.pdf,2,1,00:00,trip gas,3640,,2874,,4,,34000,2000,100,20,-999.99,
37,15/9-19 A,15_9_19_A_1997_08_29.pdf,2,2,00:00,trip gas,4123,,31,,1.86,,15000,1000,300,-999.99,-999.99,
39,15/9-19 A,15_9_19_A_1997_08_31.pdf,2,1,00:00,trip gas,4070,,3263,,1.5,,3400,75,10,3,-999.99,
41,15/9-19 A,15_9_19_A_1997_09_02.pdf,2,1,00:00,trip gas,4044,,3239,,17,,137000,5030,1500,53,-999.99,
113,15/9-19 B,15_9_19_B_1997_11_12.pdf,2,1,00:00,drilling gas pea k,28,,1690.5,,3.62,,25595,1662,15,-999.99,-999.99,
114,15/9-19 B,15_9_19_B_1997_11_13.pdf,2,1,00:00,trip gas,2345,,1724,,8.6,,58438,3101,150,20,-999.99,
115,15/9-19 B,15_9_19_B_1997_11_14.pdf,2,1,00:00,trip gas,2811,,2124,,6.1,,51000,2500,35,1,-999.99,
116,15/9-19 B,15_9_19_B_1997_11_15.pdf,2,1,00:00,drilling gas pea k,3036,,2313,,11.21,,81355,2570,38,2,-999.99,
116,15/9-19 B,15_9_19_B_1997_11_15.pdf,2,2,00:00,drilling gas pea k,3036.1,,2313,,11.84,,82830,2480,29,2,-999.99,
116,15/9-19 B,15_9_19_B_1997_11_15.pdf,2,3,00:00,drilling gas pea k,3036.2,,2313,,11.15,,81220,1840,30,2,-999.99,
116,15/9-19 B,15_9_19_B_1997_11_15.pdf,2,4,00:00,drilling gas pea k,3036.3,,2313,,12.06,,89570,2927,3,2,-999.99,
116,15/9-19 B,15_9_19_B_1997_11_15.pdf,2,5,00:00,drilling gas pea k,3036.4,,2313,,14.32,,101745,3890,35,1,-999.99,
116,15/9-19 B,15_9_19_B_1997_11_15.pdf,2,6,00:00,drilling gas pea k,3036.5,,2313,,14.68,,108108,2741,38,1,-999.99,
116,15/9-19 B,15_9_19_B_1997_11_15.pdf,2,7,00:00,drilling gas pea k,3036.6,,2313,,17.25,,139682,2810,46,1,-999.99,
116,15/9-19 B,15_9_19_B_1997_11_15.pdf,2,8,00:00,drilling gas pea k,3036.7,,2313,,18.98,,155702,2598,46,1,-999.99,
117,15/9-19 B,15_9_19_B_1997_11_16.pdf,2,1,00:00,trip gas,3039,,2315.5,,29,,234009,3721,1003,2,-999.99,
117,15/9-19 B,15_9_19_B_1997_11_16.pdf,2,2,00:00,trip gas,3039.1,,2315.5,,18.9,,147752,3084,58,2,-999.99,
119,15/9-19 B,15_9_19_B_1997_11_18.pdf,2,1,00:00,drilling gas pea k,3054,,2328.5,,7.6,,58679,2780,60,5,-999.99,
119,15/9-19 B,15_9_19_B_1997_11_18.pdf,2,2,00:00,drilling gas pea k,3054.1,,2328.5,,3.9,,29010,2245,28,-999.99,-999.99,
127,15/9-19 B,15_9_19_B_1997_11_26.pdf,2,1,00:00,drilling gas pea k,106,,,,8.8,,77502,1020,21,1,-999.99,
128,15/9-19 B,15_9_19_B_1997_11_27.pdf,2,1,00:00,drilling gas pea k,3066,,,,1.5,,12053,1420,15,-999.99,-999.99,
128,15/9-19 B,15_9_19_B_1997_11_27.pdf,2,2,00:00,drilling gas pea k,3080,,,,1.4,,8579,1329,32,1,-999.99,
128,15/9-19 B,15_9_19_B_1997_11_27.pdf,2,3,00:00,drilling gas pea k,3091,,,,1.5,,9884,1065,20,1,-999.99,
128,15/9-19 B,15_9_19_B_1997_11_27.pdf,2,4,00:00,drilling gas pea k,3095,,,,1.6,,10461,1019,16,1,-999.99,
128,15/9-19 B,15_9_19_B_1997_11_27.pdf,2,5,00:00,drilling gas pea k,3110,,,,3.9,,21854,1585,26,1,-999.99,
128,15/9-19 B,15_9_19_B_1997_11_27.pdf,2,6,00:00,drilling gas pea k,3115,,,,2.3,,19512,1065,20,1,-999.99,
128,15/9-19 B,15_9_19_B_1997_11_27.pdf,2,7,00:00,drilling gas pea k,3124,,,,1.3,,8339,1065,20,-999.99,-999.99,
128,15/9-19 B,15_9_19_B_1997_11_27.pdf,2,8,00:00,drilling gas pea k,3127,,,,1.4,,9608,954,18,-999.99,-999.99,
128,15/9-19 B,15_9_19_B_1997_11_27.pdf,2,9,00:00,drilling gas pea k,3153,,,,1.5,,6106,1551,18,1,-999.99,
129,15/9-19 B,15_9_19_B_1997_11_28.pdf,2,1,00:00,drilling gas pea k,3155,,,,1.2,,7035,1389,21,-999.99,-999.99,
129,15/9-19 B,15_9_19_B_1997_11_28.pdf,2,2,00:00,drilling gas pea k,3174,,,,1.3,,7237,893,18,-999.99,-999.99,
129,15/9-19 B,15_9_19_B_1997_11_28.pdf,2,3,00:00,drilling gas pea k,3183,,,,1.5,,9079,1190,24,-999.99,-999.99,
129,15/9-19 B,15_9_19_B_1997_11_28.pdf,2,4,00:00,drilling gas pea k,3204,,,,1.1,,8579,1502,16,-999.99,-999.99,
129,15/9-19 B,15_9_19_B_1997_11_28.pdf,2,5,00:00,drilling gas pea k,3211,,,,1.2,,9608,993,19,1,-999.99,
129,15/9-19 B,15_9_19_B_1997_11_28.pdf,2,6,00:00,drilling gas pea k,3215,,,,1.4,,8825,1243,27,-999.99,-999.99,
129,15/9-19 B,15_9_19_B_1997_11_28.pdf,2,7,00:00,drilling gas pea k,3240,,,,1.2,,81,1138,20,-999.99,-999.99,
129,15/9-19 B,15_9_19_B_1997_11_28.pdf,2,8,00:00,drilling gas pea k,3254,,,,1.2,,8339,1259,13,-999.99,-999.99,
151,15/9-19 BT2,15_9_19_BT2_1997_12_19.pdf,2,1,00:00,drilling gas pea k,3169,,,,12.4,,113546,926,9,1,-999.99,
151,15/9-19 BT2,15_9_19_BT2_1997_12_19.pdf,2,2,00:00,drilling gas pea k,3317,,,,3.27,,20778,910,21,1,-999.99,
152,15/9-19 BT2,15_9_19_BT2_1997_12_20.pdf,2,1,00:00,trip gas,3360,,2585,,10.1,,90024,1920,28,1,-999.99,
153,15/9-19 BT2,15_9_19_BT2_1997_12_21.pdf,2,1,00:00,trip gas,3360,,2585,,12.1,,100890,3005,28,1,-999.99,
154,15/9-19 BT2,15_9_19_BT2_1997_12_22.pdf,2,1,00:00,drilling gas pea k,3405,,,,18.2,,159200,2410,3,1,-999.99,
156,15/9-19 BT2,15_9_19_BT2_1997_12_24.pdf,2,1,00:00,drilling gas pea k,3511,,,,12.2,,11200,2253,34,1,-999.99,
157,15/9-19 BT2,15_9_19_BT2_1997_12_25.pdf,2,1,00:00,drilling gas pea k,3601,,,,3.36,,31119,1060,24,-999.99,-999.99,
157,15/9-19 BT2,15_9_19_BT2_1997_12_25.pdf,2,2,00:00,drilling gas pea k,3603,,,,3.53,,30823,1416,26,1,-999.99,
158,15/9-19 BT2,15_9_19_BT2_1997_12_26.pdf,2,1,00:00,drilling gas pea k,3603,,,,23.4,,196358,2144,29,1,-999.99,
158,15/9-19 BT2,15_9_19_BT2_1997_12_26.pdf,2,2,00:00,drilling gas pea k,3656,,,,3.37,,21502,33,1323,147,13,
159,15/9-19 BT2,15_9_19_BT2_1997_12_27.pdf,2,1,00:00,drilling gas pea k,3656,,2835.8,,16.7,,147395,33,1323,155,12,
159,15/9-19 BT2,15_9_19_BT2_1997_12_27.pdf,2,2,00:00,drilling gas pea k,3658,,2837,,3,,23476,1303,296,32,-999.99,
159,15/9-19 BT2,15_9_19_BT2_1997_12_27.pdf,2,3,00:00,drilling gas pea k,3663,,2841.2,,2.7,,22899,1407,3,3,-999.99,
160,15/9-19 BT2,15_9_19_BT2_1997_12_28.pdf,2,1,00:00,drilling gas pea k,3690,,2864.4,,16.2,,148494,2740,258,45,3,
161,15/9-19 BT2,15_9_19_BT2_1997_12_29.pdf,2,1,00:00,drilling gas pea k,3717,,2887.4,,20,,165412,5210,1010,21,-999.99,
162,15/9-19 BT2,15_9_19_BT2_1997_12_30.pdf,2,1,00:00,drilling gas pea k,3912,,2972.3,,3.2,,27112,1751,165,30,13,
163,15/9-19 BT2,15_9_19_BT2_1997_12_31.pdf,2,1,00:00,drilling gas pea k,3940,,3086.4,,2.62,,24677,1386,135,14,6,
170,15/9-19 BT2,15_9_19_BT2_1998_01_07.pdf,2,1,00:00,drilling gas pea k,4072,,3206.4,,1.24,,9015,34,1,-999.99,-999.99,
170,15/9-19 BT2,15_9_19_BT2_1998_01_07.pdf,2,2,00:00,drilling gas pea k,4075,,3209,,1.8,,17346,1246,26,1,-999.99,
173,15/9-19 BT2,15_9_19_BT2_1998_01_10.pdf,2,1,00:00,drilling gas pea k,4152,,3276,,1.87,,16710,2339,35,2,-999.99,
173,15/9-19 BT2,15_9_19_BT2_1998_01_10.pdf,2,2,00:00,drilling gas pea k,4161,,3284,,1.93,,18211,1488,105,4,-999.99,
222,15/9-19 S,15_9_19_S_1992_11_23.pdf,2,1,00:00,trip gas,547,,547,,.49,,-999.99,-999.99,-999.99,-999.99,-999.99,
222,15/9-19 S,15_9_19_S_1992_11_23.pdf,2,2,00:00,drilling gas pea k,660,,659.6,,1,,10136,-999.99,-999.99,-999.99,-999.99,
222,15/9-19 S,15_9_19_S_1992_11_23.pdf,2,3,00:00,drilling gas pea k,667,,666.6,,1.6,,15840,-999.99,-999.99,-999.99,-999.99,
223,15/9-19 S,15_9_19_S_1992_11_24.pdf,2,1,00:00,drilling gas pea k,772,,767.5,,.55,,50,-999.99,-999.99,-999.99,-999.99,
229,15/9-19 S,15_9_19_S_1992_11_30.pdf,2,1,00:00,drilling gas pea k,1720,,1389.2,,.49,,4900,5,-999.99,-999.99,-999.99,
230,15/9-19 S,15_9_19_S_1992_12_01.pdf,2,1,00:00,drilling gas pea k,1828,,1446.2,,.81,,8100,-999.99,-999.99,-999.99,-999.99,
230,15/9-19 S,15_9_19_S_1992_12_01.pdf,2,2,00:00,drilling gas pea k,1890,,1478.9,,.67,,6700,-999.99,-999.99,-999.99,-999.99,
230,15/9-19 S,15_9_19_S_1992_12_01.pdf,2,3,00:00,drilling gas pea k,1936,,1503.2,,.45,,4500,-999.99,-999.99,-999.99,-999.99,
231,15/9-19 S,15_9_19_S_1992_12_02.pdf,2,1,00:00,trip gas,2018,,1547.5,,1.25,,12600,90,10,-999.99,-999.99,
232,15/9-19 S,15_9_19_S_1992_12_03.pdf,2,1,00:00,drilling gas pea k,2303,,1698,,.44,,40,5,5,-999.99,-999.99,
233,15/9-19 S,15_9_19_S_1992_12_04.pdf,2,1,00:00,trip gas,1535,,1296,,2.2,,-999.99,-999.99,-999.99,-999.99,-999.99,
233,15/9-19 S,15_9_19_S_1992_12_04.pdf,2,2,00:00,trip gas,1829,,1446,,2.05,,-999.99,-999.99,-999.99,-999.99,-999.99,
233,15/9-19 S,15_9_19_S_1992_12_04.pdf,2,3,00:00,trip gas,2094,,1588,,1.15,,-999.99,-999.99,-999.99,-999.99,-999.99,
233,15/9-19 S,15_9_19_S_1992_12_04.pdf,2,4,00:00,trip gas,2531,,1815,,4.8,,45613,71,23,-999.99,-999.99,
236,15/9-19 S,15_9_19_S_1992_12_07.pdf,2,1,00:00,trip gas,3017,,2072,,1.55,,13940,25,10,-999.99,-999.99,
239,15/9-19 S,15_9_19_S_1992_12_10.pdf,2,1,00:00,drilling gas pea k,2923,,,,1.24,,-999.99,-999.99,-999.99,-999.99,-999.99,
243,15/9-19 S,15_9_19_S_1992_12_14.pdf,2,1,00:00,drilling gas pea k,20,,,,2.55,,21369,23,13,-999.99,-999.99,
244,15/9-19 S,15_9_19_S_1992_12_15.pdf,2,1,00:00,drilling gas pea k,2220,,1655,,.54,,-999.99,-999.99,-999.99,-999.99,-999.99,
245,15/9-19 S,15_9_19_S_1992_12_16.pdf,2,1,00:00,drilling gas pea k,1527,,1292,,.21,,709,-999.99,-999.99,-999.99,-999.99,
247,15/9-19 S,15_9_19_S_1992_12_18.pdf,1,1,00:00,drilling gas pea k,1481.7,,1268.5,,.03,,271,-999.99,-999.99,-999.99,-999.99,
248,15/9-19 S,15_9_19_S_1992_12_19.pdf,2,1,00:00,drilling gas pea k,1520,,1290.3,,.19,,1520,-999.99,-999.99,-999.99,-999.99,
250,15/9-19 ST2,15_9_19_ST2_1992_12_20.pdf,2,1,00:00,drilling gas pea k,1610,,1337.4,,.3,,3000,-999.99,-999.99,-999.99,-999.99,
251,15/9-19 ST2,15_9_19_ST2_1992_12_21.pdf,2,1,00:00,trip gas,1653,,1357.3,,.45,,4500,-999.99,-999.99,-999.99,-999.99,
251,15/9-19 ST2,15_9_19_ST2_1992_12_21.pdf,2,2,00:00,drilling gas pea k,1765,,1414.3,,.85,,8500,-999.99,-999.99,-999.99,-999.99,
251,15/9-19 ST2,15_9_19_ST2_1992_12_21.pdf,2,3,00:00,drilling gas pea k,1791,,1427.6,,1,,10000,-999.99,-999.99,-999.99,-999.99,
252,15/9-19 ST2,15_9_19_ST2_1992_12_22.pdf,2,1,00:00,drilling gas pea k,2097,,1586.2,,.6,,6000,-999.99,-999.99,-999.99,-999.99,
252,15/9-19 ST2,15_9_19_ST2_1992_12_22.pdf,2,2,00:00,drilling gas pea k,2269,,1675.8,,.72,,7200,-999.99,-999.99,-999.99,-999.99,
252,15/9-19 ST2,15_9_19_ST2_1992_12_22.pdf,2,3,00:00,drilling gas pea k,2298,,1690.9,,.78,,7800,-999.99,-999.99,-999.99,-999.99,
253,15/9-19 ST2,15_9_19_ST2_1992_12_23.pdf,2,1,00:00,drilling gas pea k,2387,,1737.2,,.73,,7300,-999.99,-999.99,-999.99,-999.99,
253,15/9-19 ST2,15_9_19_ST2_1992_12_23.pdf,2,2,00:00,trip gas,2502,,1798.3,,.63,,6300,-999.99,-999.99,-999.99,-999.99,
254,15/9-19 ST2,15_9_19_ST2_1992_12_24.pdf,2,1,00:00,drilling gas pea k,2570,,1834.2,,.68,,6800,-999.99,-999.99,-999.99,-999.99,
255,15/9-19 ST2,15_9_19_ST2_1992_12_25.pdf,2,1,00:00,drilling gas pea k,2957,,2039.7,,.48,,4800,7,-999.99,-999.99,-999.99,
255,15/9-19 ST2,15_9_19_ST2_1992_12_25.pdf,2,2,00:00,drilling gas pea k,3018,,2070.1,,.98,,9800,18,7,-999.99,-999.99,
261,15/9-19 ST2,15_9_19_ST2_1992_12_31.pdf,2,1,00:00,trip gas,3018,,2070,,1.01,,-999.99,-999.99,-999.99,-999.99,-999.99,
262,15/9-19 ST2,15_9_19_ST2_1993_01_01.pdf,2,1,00:00,trip gas,3050,,2086.3,,.21,,-999.99,-999.99,-999.99,-999.99,-999.99,
264,15/9-19 ST2,15_9_19_ST2_1993_01_03.pdf,2,1,00:00,trip gas,3052,,2087.3,,.31,,-999.99,-999.99,-999.99,-999.99,-999.99,
266,15/9-19 ST2,15_9_19_ST2_1993_01_05.pdf,2,1,00:00,trip gas,3141,,2137.6,,.57,,-999.99,-999.99,-999.99,-999.99,-999.99,
269,15/9-19 ST2,15_9_19_ST2_1993_01_08.pdf,2,1,00:00,trip gas,3215,,2180.6,,.33,,3799,72,1,-999.99,-999.99,
272,15/9-19 ST2,15_9_19_ST2_1993_01_11.pdf,2,1,00:00,drilling gas pea k,3580,,2405.8,,.17,,1067,64,18,-999.99,-999.99,
303,15/9-19 ST2,15_9_19_ST2_1993_02_27.pdf,2,1,00:00,trip gas,3595,,2414,,.15,,-999.99,-999.99,-999.99,-999.99,-999.99,
303,15/9-19 ST2,15_9_19_ST2_1993_02_27.pdf,2,2,00:00,drilling gas pea k,3614,,2421.7,,.07,,538,27,10,-999.99,-999.99,
304,15/9-19 ST2,15_9_19_ST2_1993_02_28.pdf,2,1,00:00,trip gas,3643,,2439,,.05,,-999.99,-999.99,-999.99,-999.99,-999.99,
305,15/9-19 ST2,15_9_19_ST2_1993_03_01.pdf,2,1,00:00,trip gas,3648,,2442,,.5,,-999.99,-999.99,-999.99,-999.99,-999.99,
305,15/9-19 ST2,15_9_19_ST2_1993_03_01.pdf,2,2,00:00,drilling gas pea k,3747,,2498,,.32,,1187,85,24,-999.99,-999.99,
306,15/9-19 ST2,15_9_19_ST2_1993_03_02.pdf,2,1,00:00,trip gas,3872,,2577,,.07,,-999.99,-999.99,-999.99,-999.99,-999.99,
306,15/9-19 ST2,15_9_19_ST2_1993_03_02.pdf,2,2,00:00,drilling gas pea k,3881.9,,2583.6,,.17,,1200,229,30,-999.99,-999.99,
309,15/9-19 ST2,15_9_19_ST2_1993_03_05.pdf,2,1,00:00,trip gas,3955,,2631.4,,.11,,-999.99,-999.99,-999.99,-999.99,-999.99,
310,15/9-19 ST2,15_9_19_ST2_1993_03_06.pdf,2,1,00:00,drilling gas pea k,4309,,2878.3,,1.61,,12217,735,348,19,-999.99,
310,15/9-19 ST2,15_9_19_ST2_1993_03_06.pdf,2,2,00:00,drilling gas pea k,4320.4,,2887,,3.7,,20436,1440,823,5,-999.99,
311,15/9-19 ST2,15_9_19_ST2_1993_03_07.pdf,2,1,00:00,trip gas,4328,,2892.8,,.4,,13,115,78,-999.99,-999.99,
311,15/9-19 ST2,15_9_19_ST2_1993_03_07.pdf,2,2,00:00,drilling gas pea k,4331,,2894.9,,.43,,2475,520,183,-999.99,-999.99,
312,15/9-19 ST2,15_9_19_ST2_1993_03_08.pdf,2,1,00:00,drilling gas pea k,4332.8,,2896.5,,.52,,2509,614,193,-999.99,-999.99,
313,15/9-19 ST2,15_9_19_ST2_1993_03_09.pdf,2,1,00:00,trip gas,4355,,2913.4,,.84,,3829,383,132,-999.99,-999.99,
313,15/9-19 ST2,15_9_19_ST2_1993_03_09.pdf,2,2,00:00,drilling gas pea k,4361,,2918,,.17,,576,152,62,-999.99,-999.99,
315,15/9-19 ST2,15_9_19_ST2_1993_03_11.pdf,2,1,00:00,trip gas,3569,,2393.9,,.82,,7009,193,76,-999.99,-999.99,
315,15/9-19 ST2,15_9_19_ST2_1993_03_11.pdf,2,2,00:00,trip gas,4313,,2881.3,,.66,,5700,256,36,-999.99,-999.99,
315,15/9-19 ST2,15_9_19_ST2_1993_03_11.pdf,2,3,00:00,drilling gas pea k,4421,,2964.3,,.21,,1651,63,17,-999.99,-999.99,
316,15/9-19 ST2,15_9_19_ST2_1993_03_12.pdf,2,1,00:00,drilling gas pea k,4568,,3075.8,,.16,,867,82,14,-999.99,-999.99,
317,15/9-19 ST2,15_9_19_ST2_1993_03_13.pdf,2,1,00:00,trip gas,4641,,3129.7,,.37,,2747,142,27,-999.99,-999.99,
392,15/9-F-10,15_9_F_10_2009_04_23.pdf,2,1,00:00,drilling gas pea k,1455,,,,1.1,,9912,0,2,1,2,
393,15/9-F-10,15_9_F_10_2009_04_24.pdf,2,1,00:00,drilling gas pea k,1496,,1428.8,,.87,,8174,8,3,1,6,
394,15/9-F-10,15_9_F_10_2009_04_25.pdf,2,1,00:00,drilling gas pea k,1706,,1587.6,,.95,,5930,15,5,3,9,
394,15/9-F-10,15_9_F_10_2009_04_25.pdf,2,2,00:00,drilling gas pea k,1831,,1723.8,,.76,,7515,17,6,4,7,
395,15/9-F-10,15_9_F_10_2009_04_26.pdf,2,1,00:00,drilling gas pea k,1913,,1791.5,,.66,,6180,15,6,4,6,
395,15/9-F-10,15_9_F_10_2009_04_26.pdf,2,2,00:00,drilling gas pea k,2000,,1858,,.56,,5518,13,5,3,4,
395,15/9-F-10,15_9_F_10_2009_04_26.pdf,2,3,00:00,drilling gas pea k,2099,,1924.1,,.55,,5561,16,5,3,5,
395,15/9-F-10,15_9_F_10_2009_04_26.pdf,2,4,00:00,drilling gas pea k,2116,,1934.5,,.63,,5838,16,4,3,5,
396,15/9-F-10,15_9_F_10_2009_04_27.pdf,2,1,00:00,drilling gas pea k,2125,,1939.9,,.53,,5264,18,5,3,4,
396,15/9-F-10,15_9_F_10_2009_04_27.pdf,2,2,00:00,drilling gas pea k,2191,,1992.8,,.35,,3371,7,2,4,4,
396,15/9-F-10,15_9_F_10_2009_04_27.pdf,2,3,00:00,drilling gas pea k,2231,,2020.9,,.34,,3287,7,2,4,4,
396,15/9-F-10,15_9_F_10_2009_04_27.pdf,2,4,00:00,drilling gas pea k,2270,,2048.3,,.33,,2944,7,2,5,5,
396,15/9-F-10,15_9_F_10_2009_04_27.pdf,2,5,00:00,drilling gas pea k,2367,,2117.3,,.31,,2761,27,13,5,9,
396,15/9-F-10,15_9_F_10_2009_04_27.pdf,2,6,00:00,drilling gas pea k,2413,,2149.8,,.38,,3756,42,8,5,8,
397,15/9-F-10,15_9_F_10_2009_04_28.pdf,2,1,00:00,drilling gas pea k,2473,,2192.2,,.66,,6588,61,16,6,8,
397,15/9-F-10,15_9_F_10_2009_04_28.pdf,2,2,00:00,drilling gas pea k,2493,,2206.3,,.45,,4315,45,16,6,9,
397,15/9-F-10,15_9_F_10_2009_04_28.pdf,2,3,00:00,drilling gas pea k,2603,,2284.6,,.5,,4384,61,14,7,8,
432,15/9-F-10,15_9_F_10_2009_06_02.pdf,2,1,00:00,drilling gas pea k,4999,,2824,,.05,,305,13,9,4,9,
432,15/9-F-10,15_9_F_10_2009_06_02.pdf,2,2,00:00,drilling gas pea k,5069,,2874,,.56,,3939,273,138,2,23,
432,15/9-F-10,15_9_F_10_2009_06_02.pdf,2,3,00:00,drilling gas pea k,5083,,2883,,.66,,5567,212,86,16,20,
432,15/9-F-10,15_9_F_10_2009_06_02.pdf,2,4,00:00,drilling gas pea k,5090,,2885,,.86,,7089,256,106,18,21,
432,15/9-F-10,15_9_F_10_2009_06_02.pdf,2,5,00:00,drilling gas pea k,5205,,2952,,.47,,3389,243,119,15,23,
432,15/9-F-10,15_9_F_10_2009_06_02.pdf,2,6,00:00,drilling gas pea k,5232,,2967,,.18,,979,75,48,10,21,
432,15/9-F-10,15_9_F_10_2009_06_02.pdf,2,7,00:00,drilling gas pea k,5240,,2972,,.18,,1021,76,49,10,20,
433,15/9-F-10,15_9_F_10_2009_06_03.pdf,2,1,00:00,drilling gas pea k,5256,,2982,,.12,,400,3,30,8,21,
433,15/9-F-10,15_9_F_10_2009_06_03.pdf,2,2,00:00,drilling gas pea k,5262,,2985.5,,.08,,400,14,9,5,13,
468,15/9-F-11 A,15_9_F_11_A_2013_05_20.pdf,2,1,00:00,drilling gas pea k,3499,,292.3,,.09,,756,23,6,0,-999.99,
469,15/9-F-11 A,15_9_F_11_A_2013_05_21.pdf,2,1,00:00,drilling gas pea k,3499,,2925.4,,.09,,756,23,6,0,0,
469,15/9-F-11 A,15_9_F_11_A_2013_05_21.pdf,2,2,00:00,drilling gas pea k,3549,,2962.6,,1.81,,17722,737,182,12,5,
469,15/9-F-11 A,15_9_F_11_A_2013_05_21.pdf,2,3,00:00,drilling gas pea k,3603,,3003.9,,2.84,,28228,1433,523,37,18,
469,15/9-F-11 A,15_9_F_11_A_2013_05_21.pdf,2,4,00:00,drilling gas pea k,3623,,3019.2,,2.91,,28739,1462,543,39,20,
469,15/9-F-11 A,15_9_F_11_A_2013_05_21.pdf,2,5,00:00,drilling gas pea k,3636,,3029.1,,2.97,,29302,1534,593,4,24,
469,15/9-F-11 A,15_9_F_11_A_2013_05_21.pdf,2,6,00:00,drilling gas pea k,3646,,3036.8,,2.09,,19078,1052,429,3,19,
469,15/9-F-11 A,15_9_F_11_A_2013_05_21.pdf,2,7,00:00,drilling gas pea k,3659,,3046.8,,2.87,,27731,1435,582,46,27,
469,15/9-F-11 A,15_9_F_11_A_2013_05_21.pdf,2,8,00:00,drilling gas pea k,3681,,3064.4,,3.15,,30264,1549,607,46,27,
469,15/9-F-11 A,15_9_F_11_A_2013_05_21.pdf,2,9,00:00,drilling gas pea k,3693,,3072.8,,2.94,,27706,1499,624,50,31,
489,15/9-F-11 B,15_9_F_11_B_2013_06_09.pdf,2,1,00:00,drilling gas pea k,3406,,2865.1,,.57,,3185,228,106,28,0,
489,15/9-F-11 B,15_9_F_11_B_2013_06_09.pdf,2,2,00:00,drilling gas pea k,3478,,2886.7,,2.03,,13045,966,547,0,0,
489,15/9-F-11 B,15_9_F_11_B_2013_06_09.pdf,2,3,00:00,drilling gas pea k,3518,,2899.5,,2.64,,20777,1094,741,67,43,
489,15/9-F-11 B,15_9_F_11_B_2013_06_09.pdf,2,4,00:00,drilling gas pea k,3571,,2911.7,,2.07,,11607,6735,168,4,43,
489,15/9-F-11 B,15_9_F_11_B_2013_06_09.pdf,2,5,00:00,drilling gas pea k,3691,,2924.2,,1.59,,1051,256,12,9,8,
490,15/9-F-11 B,15_9_F_11_B_2013_06_10.pdf,2,1,00:00,drilling gas pea k,3773,,2924.9,,1.68,,-999.99,-999.99,-999.99,-999.99,-999.99,
490,15/9-F-11 B,15_9_F_11_B_2013_06_10.pdf,2,2,00:00,drilling gas pea k,3781,,2925.1,,1.7,,-999.99,-999.99,-999.99,-999.99,-999.99,
490,15/9-F-11 B,15_9_F_11_B_2013_06_10.pdf,2,3,00:00,drilling gas pea k,3902,,2930.9,,1.5,,-999.99,-999.99,-999.99,-999.99,-999.99,
490,15/9-F-11 B,15_9_F_11_B_2013_06_10.pdf,2,4,00:00,drilling gas pea k,3931,,2934.8,,1.32,,-999.99,-999.99,-999.99,-999.99,-999.99,
490,15/9-F-11 B,15_9_F_11_B_2013_06_10.pdf,2,5,00:00,drilling gas pea k,3962,,2939,,1.35,,-999.99,-999.99,-999.99,-999.99,-999.99,
490,15/9-F-11 B,15_9_F_11_B_2013_06_10.pdf,2,6,00:00,drilling gas pea k,3994,,2946.1,,2.52,,-999.99,-999.99,-999.99,-999.99,-999.99,
490,15/9-F-11 B,15_9_F_11_B_2013_06_10.pdf,2,7,00:00,drilling gas pea k,4028,,2952.2,,2.82,,-999.99,-999.99,-999.99,-999.99,-999.99,
490,15/9-F-11 B,15_9_F_11_B_2013_06_10.pdf,2,8,00:00,drilling gas pea k,4075,,2964.1,,2.81,,-999.99,-999.99,-999.99,-999.99,-999.99,
490,15/9-F-11 B,15_9_F_11_B_2013_06_10.pdf,2,9,00:00,drilling gas pea k,4120,,2973.6,,2.19,,-999.99,-999.99,-999.99,-999.99,-999.99,
491,15/9-F-11 B,15_9_F_11_B_2013_06_11.pdf,2,1,00:00,drilling gas pea k,4187,,2989.3,,2.06,,-999.99,-999.99,-999.99,-999.99,-999.99,
491,15/9-F-11 B,15_9_F_11_B_2013_06_11.pdf,2,2,00:00,drilling gas pea k,4354,,3021.6,,2.1,,-999.99,-999.99,-999.99,-999.99,-999.99,
491,15/9-F-11 B,15_9_F_11_B_2013_06_11.pdf,2,3,00:00,drilling gas pea k,4497,,3070.6,,1.85,,-999.99,-999.99,-999.99,-999.99,-999.99,
491,15/9-F-11 B,15_9_F_11_B_2013_06_11.pdf,2,4,00:00,drilling gas pea k,4532,,3087.9,,1.73,,-999.99,-999.99,-999.99,-999.99,-999.99,
492,15/9-F-11 B,15_9_F_11_B_2013_06_12.pdf,2,1,00:00,drilling gas pea k,4564,,3107.4,,1.82,,-999.99,-999.99,-999.99,-999.99,-999.99,
492,15/9-F-11 B,15_9_F_11_B_2013_06_12.pdf,2,2,00:00,drilling gas pea k,4608,,3136.5,,1.21,,-999.99,-999.99,-999.99,-999.99,-999.99,
492,15/9-F-11 B,15_9_F_11_B_2013_06_12.pdf,2,3,00:00,drilling gas pea k,4638,,3153.6,,1.05,,-999.99,-999.99,-999.99,-999.99,-999.99,
590,15/9-F-11 T2,15_9_F_11_T2_2013_04_15.pdf,2,1,00:00,drilling gas pea k,1422,,1391.9,,.37,,3818,0,0,2,0,
590,15/9-F-11 T2,15_9_F_11_T2_2013_04_15.pdf,2,2,00:00,drilling gas pea k,1449,,1414.9,,.45,,4661,0,0,2,0,
590,15/9-F-11 T2,15_9_F_11_T2_2013_04_15.pdf,2,3,00:00,drilling gas pea k,1492,,1453.1,,.43,,4403,3,0,2,0,
593,15/9-F-11 T2,15_9_F_11_T2_2013_04_18.pdf,2,1,00:00,drilling gas pea k,1779,,1692.9,,.64,,7236,0,0,0,0,
594,15/9-F-11 T2,15_9_F_11_T2_2013_04_19.pdf,2,1,00:00,drilling gas pea k,1913,,1814.4,,1.8,,22022,31,8,2,0,
594,15/9-F-11 T2,15_9_F_11_T2_2013_04_19.pdf,2,2,00:00,drilling gas pea k,1949,,1848.8,,1.3,,15517,2,7,0,0,
595,15/9-F-11 T2,15_9_F_11_T2_2013_04_20.pdf,2,1,00:00,drilling gas pea k,2003,,1901.4,,1.31,,15198,13,3,0,0,
596,15/9-F-11 T2,15_9_F_11_T2_2013_04_21.pdf,2,1,00:00,drilling gas pea k,2221,,2118.1,,.7,,7858,0,10,0,0,
597,15/9-F-11 T2,15_9_F_11_T2_2013_04_22.pdf,2,1,00:00,drilling gas pea k,2515,,2393.2,,1.1,,12540,299,64,7,4,
607,15/9-F-11 T2,15_9_F_11_T2_2013_05_02.pdf,2,1,00:00,drilling gas pea k,3649,,2777.9,,.12,,916,0,4,0,0,
607,15/9-F-11 T2,15_9_F_11_T2_2013_05_02.pdf,2,2,00:00,drilling gas pea k,3736,,2792.9,,.11,,880,2,3,0,0,
608,15/9-F-11 T2,15_9_F_11_T2_2013_05_03.pdf,2,1,00:00,drilling gas pea k,4125,,2994.3,,.14,,1040,31,10,-999.99,-999.99,
609,15/9-F-11 T2,15_9_F_11_T2_2013_05_04.pdf,2,1,00:00,drilling gas pea k,4156,,3018.8,,1.05,,9198,232,75,1,5,
609,15/9-F-11 T2,15_9_F_11_T2_2013_05_04.pdf,2,2,00:00,drilling gas pea k,4163,,3025.3,,.75,,6354,178,65,10,5,
609,15/9-F-11 T2,15_9_F_11_T2_2013_05_04.pdf,2,3,00:00,drilling gas pea k,4174,,3034.3,,.74,,6245,180,69,10,6,
609,15/9-F-11 T2,15_9_F_11_T2_2013_05_04.pdf,2,4,00:00,drilling gas pea k,4187,,3045,,1.02,,8712,258,108,16,9,
609,15/9-F-11 T2,15_9_F_11_T2_2013_05_04.pdf,2,5,00:00,drilling gas pea k,4197,,3053.6,,1.21,,10396,313,137,19,1,
609,15/9-F-11 T2,15_9_F_11_T2_2013_05_04.pdf,2,6,00:00,drilling gas pea k,4234,,3084.7,,2.22,,21077,318,119,15,10,
609,15/9-F-11 T2,15_9_F_11_T2_2013_05_04.pdf,2,7,00:00,drilling gas pea k,4329,,3171.8,,.7,,5703,223,98,9,8,
609,15/9-F-11 T2,15_9_F_11_T2_2013_05_04.pdf,2,8,00:00,drilling gas pea k,4398,,3239.2,,1.55,,12656,708,298,24,14,
609,15/9-F-11 T2,15_9_F_11_T2_2013_05_04.pdf,2,9,00:00,drilling gas pea k,4420,,3259.5,,1.43,,11684,687,281,2,13,
610,15/9-F-11 T2,15_9_F_11_T2_2013_05_05.pdf,2,1,00:00,drilling gas pea k,49,,3337.2,,.52,,4275,174,49,3,2,
610,15/9-F-11 T2,15_9_F_11_T2_2013_05_05.pdf,2,2,00:00,drilling gas pea k,4507,,3344.9,,.35,,2614,-999.99,40,0,2,
635,15/9-F-12,15_9_F_12_2007_06_28.pdf,2,1,00:00,drilling gas pea k,719,,719,,.19,,1951,154,12,10,0,
636,15/9-F-12,15_9_F_12_2007_06_29.pdf,2,1,00:00,flow check ga s,890,,890,,.86,,10300,.5,.7,1,1,
636,15/9-F-12,15_9_F_12_2007_06_29.pdf,2,2,00:00,flow check ga s,918,,918,,.9,,9165,0,1,1,1,
636,15/9-F-12,15_9_F_12_2007_06_29.pdf,2,3,00:00,flow check ga s,929,,929,,.87,,9925,0,1,1,1,
637,15/9-F-12,15_9_F_12_2007_06_30.pdf,2,1,00:00,flow check ga s,1099,,1099,,.37,,4481,1,1,1,1,
637,15/9-F-12,15_9_F_12_2007_06_30.pdf,2,2,00:00,flow check ga s,1196,,1196,,.26,,3320,1,1,1,1,
638,15/9-F-12,15_9_F_12_2007_07_01.pdf,2,1,00:00,flow check ga s,1304,,1304,,.17,,2435,1,1,1,1,
638,15/9-F-12,15_9_F_12_2007_07_01.pdf,2,2,00:00,flow check ga s,1352,,1352,,.2,,2731,1,1,1,1,
685,15/9-F-12,15_9_F_12_2007_08_17.pdf,2,1,00:00,drilling gas pea k,3110,,2861.1,,.23,,1702,96,31,4,2,
685,15/9-F-12,15_9_F_12_2007_08_17.pdf,2,2,00:00,drilling gas pea k,3114,,2863.4,,.18,,1339,74,24,3,2,
691,15/9-F-12,15_9_F_12_2007_08_23.pdf,2,1,00:00,drilling gas pea k,3174,,2899.5,,3.22,,24056,1603,685,53,4,
692,15/9-F-12,15_9_F_12_2007_08_24.pdf,2,1,00:00,drilling gas pea k,3231,,2933.1,,4.58,,33671,2327,1052,84,63,
692,15/9-F-12,15_9_F_12_2007_08_24.pdf,2,2,00:00,drilling gas pea k,3239,,3937.9,,4.96,,36184,2532,1164,94,68,
692,15/9-F-12,15_9_F_12_2007_08_24.pdf,2,3,00:00,drilling gas pea k,3246,,2942.1,,5.17,,37529,2719,1244,100,72,
692,15/9-F-12,15_9_F_12_2007_08_24.pdf,2,4,00:00,drilling gas pea k,3275,,2953.3,,4.06,,30593,2231,1041,86,68,
815,15/9-F-14,15_9_F_14_2008_05_15.pdf,2,1,00:00,drilling gas pea k,2180,,2179.5,,.48,,4136,87,17,0,4,
843,15/9-F-14,15_9_F_14_2008_06_12.pdf,2,1,00:00,drilling gas pea k,3009,,2862.3,,7.27,,46919,3691,1626,96,5,
843,15/9-F-14,15_9_F_14_2008_06_12.pdf,2,2,00:00,drilling gas pea k,3057,,2880.8,,9.92,,59700,4334,2015,145,84,
843,15/9-F-14,15_9_F_14_2008_06_12.pdf,2,3,00:00,drilling gas pea k,3063,,2884.4,,9.15,,58650,4720,2175,150,86,
844,15/9-F-14,15_9_F_14_2008_06_13.pdf,2,1,00:00,drilling gas pea k,3080,,2890.5,,8.89,,56036,4518,2018,138,87,
844,15/9-F-14,15_9_F_14_2008_06_13.pdf,2,2,00:00,drilling gas pea k,3103,,2897.9,,10.61,,63540,5298,2426,166,102,
844,15/9-F-14,15_9_F_14_2008_06_13.pdf,2,3,00:00,drilling gas pea k,3160,,2914.6,,14.23,,77479,5446,2552,186,123,
844,15/9-F-14,15_9_F_14_2008_06_13.pdf,2,4,00:00,drilling gas pea k,3200,,2923.7,,9.87,,60175,5182,2560,190,131,
844,15/9-F-14,15_9_F_14_2008_06_13.pdf,2,5,00:00,drilling gas pea k,3236,,2930.1,,3.76,,24327,1981,941,7,69,
844,15/9-F-14,15_9_F_14_2008_06_13.pdf,2,6,00:00,drilling gas pea k,3290,,2936.7,,5.62,,36548,3104,1448,104,71,
845,15/9-F-14,15_9_F_14_2008_06_14.pdf,2,1,00:00,drilling gas pea k,3305,,2937.9,,7.81,,47589,3966,1836,128,84,
845,15/9-F-14,15_9_F_14_2008_06_14.pdf,2,2,00:00,drilling gas pea k,3320,,2943.1,,6.44,,40295,4371,1676,123,85,
845,15/9-F-14,15_9_F_14_2008_06_14.pdf,2,3,00:00,drilling gas pea k,3331,,2944.7,,6.4,,40280,3633,1820,136,93,
845,15/9-F-14,15_9_F_14_2008_06_14.pdf,2,4,00:00,drilling gas pea k,3335,,2945.3,,6.53,,39643,3702,1836,137,91,
845,15/9-F-14,15_9_F_14_2008_06_14.pdf,2,5,00:00,drilling gas pea k,3340,,2946,,8.22,,-999.99,-999.99,-999.99,-999.99,-999.99,
845,15/9-F-14,15_9_F_14_2008_06_14.pdf,2,6,00:00,drilling gas pea k,3345,,2946,,8.22,,-999.99,-999.99,-999.99,-999.99,-999.99,
845,15/9-F-14,15_9_F_14_2008_06_14.pdf,2,7,00:00,drilling gas pea k,3350,,2953,,5.25,,33191,2836,1420,103,7,
845,15/9-F-14,15_9_F_14_2008_06_14.pdf,2,8,00:00,drilling gas pea k,3381,,2962.6,,7.77,,46976,4143,2070,149,103,
845,15/9-F-14,15_9_F_14_2008_06_14.pdf,2,9,00:00,drilling gas pea k,3396,,2969.1,,10.19,,66009,4311,2147,155,112,
845,15/9-F-14,15_9_F_14_2008_06_14.pdf,2,10,00:00,drilling gas pea k,3405,,2972.7,,7.36,,44253,3940,1995,149,107,
845,15/9-F-14,15_9_F_14_2008_06_14.pdf,2,11,00:00,drilling gas pea k,3420,,2979,,5.44,,34029,3039,1592,123,95,
845,15/9-F-14,15_9_F_14_2008_06_14.pdf,2,12,00:00,drilling gas pea k,3437,,2980.9,,6.57,,41289,2876,1553,125,102,
845,15/9-F-14,15_9_F_14_2008_06_14.pdf,2,13,00:00,drilling gas pea k,3448,,2984.6,,7.07,,42066,3713,1947,143,110,
845,15/9-F-14,15_9_F_14_2008_06_14.pdf,2,14,00:00,drilling gas pea k,3459,,2988.3,,5.2,,31620,3191,1755,135,106,
845,15/9-F-14,15_9_F_14_2008_06_14.pdf,2,15,00:00,drilling gas pea k,3490,,3003.6,,6.46,,38422,3514,1906,147,115,
846,15/9-F-14,15_9_F_14_2008_06_15.pdf,2,1,00:00,drilling gas pea k,3543,,3028.5,,5.57,,35708,3046,1492,110,82,
846,15/9-F-14,15_9_F_14_2008_06_15.pdf,2,2,00:00,drilling gas pea k,3572,,3043,,4.62,,28462,2535,1316,104,81,
846,15/9-F-14,15_9_F_14_2008_06_15.pdf,2,3,00:00,drilling gas pea k,3580,,3048.2,,6.88,,42362,3760,1850,136,97,
846,15/9-F-14,15_9_F_14_2008_06_15.pdf,2,4,00:00,drilling gas pea k,3591,,3054.4,,4.02,,25190,2191,1085,84,67,
846,15/9-F-14,15_9_F_14_2008_06_15.pdf,2,5,00:00,drilling gas pea k,3604,,3062,,4.16,,26138,2253,1108,86,68,
846,15/9-F-14,15_9_F_14_2008_06_15.pdf,2,6,00:00,drilling gas pea k,3618,,3070.4,,3.51,,20864,2032,1081,176,229,
846,15/9-F-14,15_9_F_14_2008_06_15.pdf,2,7,00:00,drilling gas pea k,3637,,3085.7,,4.86,,30790,2214,10,90,70,
846,15/9-F-14,15_9_F_14_2008_06_15.pdf,2,8,00:00,drilling gas pea k,3658,,3100.6,,7.57,,44923,3625,1728,130,91,
846,15/9-F-14,15_9_F_14_2008_06_15.pdf,2,9,00:00,drilling gas pea k,3676,,3111.4,,3.43,,4526,570,364,39,41,
846,15/9-F-14,15_9_F_14_2008_06_15.pdf,2,10,00:00,drilling gas pea k,3695,,3124.8,,1.58,,8850,856,447,41,45,
964,15/9-F-15,15_9_F_15_2008_11_19.pdf,1,1,00:00,connection ga s,3084,,2659.9,,.35,,3129,110,19,2,3,
964,15/9-F-15,15_9_F_15_2008_11_19.pdf,1,2,00:00,connection ga s,3124,,2673.8,,.19,,1640,65,13,2,2,
964,15/9-F-15,15_9_F_15_2008_11_19.pdf,1,3,00:00,connection ga s,3165,,2687.5,,.18,,1640,61,13,2,2,
964,15/9-F-15,15_9_F_15_2008_11_19.pdf,1,4,00:00,connection ga s,3205,,2700.3,,.12,,1088,41,1,2,2,
990,15/9-F-15 A,15_9_F_15_A_2008_12_13.pdf,2,1,00:00,drilling gas pea k,1718,,1664,,.44,,4069,1,2,2,10,
991,15/9-F-15 A,15_9_F_15_A_2008_12_14.pdf,2,1,00:00,drilling gas pea k,2030,,1941.8,,.52,,4864,21,5,3,2,
992,15/9-F-15 A,15_9_F_15_A_2008_12_15.pdf,2,1,00:00,drilling gas pea k,2419,,2291.5,,.33,,2890,4,1,5,5,
993,15/9-F-15 A,15_9_F_15_A_2008_12_16.pdf,2,1,00:00,drilling gas pea k,2461,,2328.9,,.3,,2630,57,16,6,5,
