report_id,wellbore_id,pdf_name,page_number,row_index,Start Depth mMD,End Depth mMD,Start Depth TVD,End Depth TVD,Shows Description,Lithology Description,Start Depth mTVD,End Depth mTVD
3,15/9-19 A,15_9_19_A_1997_07_26.pdf,2,1,2206,-999.99,,,,CLAYSTONES - HORDALAND GROUP,,
6,15/9-19 A,15_9_19_A_1997_07_29.pdf,2,1,2183,-999.99,,,,CLAYSTONE - HORDALAND GROUP,,
7,15/9-19 A,15_9_19_A_1997_07_30.pdf,2,1,2202,-999.99,,,,CLAYSTONES WITH THIN LIMESTONE STRINGERS - HORDALAND GROUP,,
8,15/9-19 A,15_9_19_A_1997_07_31.pdf,2,1,2400,-999.99,,,,CLAYSTONES WITH SOME DOLOMITE STRINGERS - HORDALAND GROUP,,
8,15/9-19 A,15_9_19_A_1997_07_31.pdf,2,2,2610,-999.99,,,,CLAYSTONES WITH SOME DOLOMITE/LIMESTONE STRINGERS - HORDALAND GROUP,,
9,15/9-19 A,15_9_19_A_1997_08_01.pdf,2,1,2760,-999.99,,,,CLAYSTONE WITH SOME DOLOMITE/LIMESTONE STRINGERS - HORDALAND GROUP,,
10,15/9-19 A,15_9_19_A_1997_08_02.pdf,2,1,2768,-999.99,,,,CLAYSTONE WITH INCREASING AMOUNT OF ANHYDRITE/GYPSUM TOWARDS 2783M,,
12,15/9-19 A,15_9_19_A_1997_08_04.pdf,2,1,2783,-999.99,,,,CLAYSTONE WITH GYPSUM,,
12,15/9-19 A,15_9_19_A_1997_08_04.pdf,2,2,2840,-999.99,,,,CLAYSTONE WITH LAYERS OF SANDSTONE/TUFF,,
12,15/9-19 A,15_9_19_A_1997_08_04.pdf,2,3,2940,-999.99,,,,CLAYSTONE WITH VARIOUS AMOUNTS OF TUFF,,
13,15/9-19 A,15_9_19_A_1997_08_05.pdf,2,1,3010,-999.99,,,,CLAYSTONE WITH MINOR LIMESTONE STRINGERS,,
14,15/9-19 A,15_9_19_A_1997_08_06.pdf,2,1,3050,-999.99,,,,CLAYSTONE WITH BEDS OF LIMESTONE/SILTSTONE,,
14,15/9-19 A,15_9_19_A_1997_08_06.pdf,2,2,3178,-999.99,,,,SANDSTONE WITH BEDS OF SILTSTONE/CLAYSTONE,,
14,15/9-19 A,15_9_19_A_1997_08_06.pdf,2,3,3308,-999.99,,,,LIMESTONE,,
15,15/9-19 A,15_9_19_A_1997_08_07.pdf,2,1,3390,-999.99,,,,LIMESTONE GRADING TO MARL WITH DEPTH,,
16,15/9-19 A,15_9_19_A_1997_08_08.pdf,2,1,3573,-999.99,,,,MARL INTERBEDDED WITH LIMESTONE,,
17,15/9-19 A,15_9_19_A_1997_08_09.pdf,2,1,3632,-999.99,,,,MARL AND CLAYSTONE WITH BEDS OF LIMESTONE,,
18,15/9-19 A,15_9_19_A_1997_08_10.pdf,2,1,3653,-999.99,,,,"INTERBEDDED MARL, LIMESTONE AND CLAYSTONE",,
18,15/9-19 A,15_9_19_A_1997_08_10.pdf,2,2,3667.5,-999.99,,,,CLAYSTONE WITH OCCASIONAL BEDS OF LIMESTONE,,
19,15/9-19 A,15_9_19_A_1997_08_11.pdf,2,1,3774,-999.99,,,,CLAYSTONE,,
19,15/9-19 A,15_9_19_A_1997_08_11.pdf,2,2,3778,-999.99,,,,CLAYSTONE WITH BEDS OF SILTY SANDSTONE AND SILTSTONE AND STRINGERS OF LIMESTONE,,
20,15/9-19 A,15_9_19_A_1997_08_12.pdf,2,1,3823,-999.99,,,,SANDSTONE WITH BEDS OF CLAYSTONE,,
22,15/9-19 A,15_9_19_A_1997_08_14.pdf,2,1,3838,-999.99,,,,SANDSTONE,,
23,15/9-19 A,15_9_19_A_1997_08_15.pdf,2,1,3854,-999.99,,,,SANDSTONE,,
24,15/9-19 A,15_9_19_A_1997_08_16.pdf,2,1,3881.5,-999.99,,,,SANDSTONE,,
25,15/9-19 A,15_9_19_A_1997_08_17.pdf,2,1,3908.5,-999.99,,,,SANDSTONE WITH BEDS OF SILTSTONE AND LAYERS OF COAL,,
26,15/9-19 A,15_9_19_A_1997_08_18.pdf,2,1,3935.5,-999.99,,,,SANDSTONE WITH LAYERS OF COAL AND IN UPPER PART ALSO SOME BEDS OF SILT STONE AND CLAYSTONE,,
27,15/9-19 A,15_9_19_A_1997_08_19.pdf,2,1,3962.5,-999.99,,,,SANDSTONE,,
27,15/9-19 A,15_9_19_A_1997_08_19.pdf,2,2,3970,-999.99,,,,SANDSTONE WITH A FEW THIN BEDS OF DOLOMITE AND CLAYSTONE,,
28,15/9-19 A,15_9_19_A_1997_08_20.pdf,2,1,3990,-999.99,,,,SANDSTONE,,
29,15/9-19 A,15_9_19_A_1997_08_21.pdf,2,1,4017,-999.99,,,,SANDSTONE WITH LAMINA - THIN BEDS OF CLAYSTONE,,
30,15/9-19 A,15_9_19_A_1997_08_22.pdf,2,1,4068,-999.99,,,,SANDSTONE WITH LAMINA - THIN BEDS OF CLAYSTONE,,
30,15/9-19 A,15_9_19_A_1997_08_22.pdf,2,2,4101,-999.99,,,,CLAYST0NE/SILTY SANDSTONE WITH OCCASIONAL BEDS OF SANDSTONE AND MINOR CLAYSTONE,,
112,15/9-19 B,15_9_19_B_1997_11_11.pdf,2,1,2221.5,-999.99,,,,"CLAYSTONE WITH THIN LIMESTONE STRINGERS, HEAVILY CEMENT CONTAMINATE D",,
113,15/9-19 B,15_9_19_B_1997_11_12.pdf,2,1,2260,-999.99,,,,CLAYSTONE WITH THIN LIMESTONE STRINGERS,,
114,15/9-19 B,15_9_19_B_1997_11_13.pdf,2,1,2340,-999.99,,,,CLAYSTONE WITH THIN LIMESTONE STRINGERS,,
114,15/9-19 B,15_9_19_B_1997_11_13.pdf,2,2,2590,-999.99,,,,CLAYSTONE WITH LIMESTONE STRINGERS,,
114,15/9-19 B,15_9_19_B_1997_11_13.pdf,2,3,2781.5,-999.99,,,,SANDSTONE,,
115,15/9-19 B,15_9_19_B_1997_11_14.pdf,2,1,2800,-999.99,,,,SANDSTONE INTERBEDDED WITH CLAYSTONE,,
116,15/9-19 B,15_9_19_B_1997_11_15.pdf,2,1,2830,-999.99,,,,CLAYSTONE WITH SANDSTONE STRINGERS,,
116,15/9-19 B,15_9_19_B_1997_11_15.pdf,2,2,2850,-999.99,,,,CLAYSTONE WITH TRACES OF LIMESTONE,,
116,15/9-19 B,15_9_19_B_1997_11_15.pdf,2,3,2971,-999.99,,,,CLAYSTONE WITH TUFFACEOUS BEDS AND MINOR LIMESTONE,,
119,15/9-19 B,15_9_19_B_1997_11_18.pdf,2,1,3035,-999.99,,,,CLAYSTONE WITH TUFFACEOUS BEDS AND MINOR LIMESTONE,,
128,15/9-19 B,15_9_19_B_1997_11_27.pdf,2,1,3054,-999.99,,,,CLAYSTONE WITH MINOR LIMSTONE STRINGERS,,
129,15/9-19 B,15_9_19_B_1997_11_28.pdf,2,1,3183,-999.99,,,,CLAYSTONE WITH MINOR LIMESTONE STRINGERS,,
129,15/9-19 B,15_9_19_B_1997_11_28.pdf,2,2,3208,-999.99,,,,SANDSTONE WITH CLAYSTONE AND LIMESTONE BEDS,,
151,15/9-19 BT2,15_9_19_BT2_1997_12_19.pdf,2,1,3220,-999.99,,,,SANDSTONE WITH SOME CLAYSTONE,,
152,15/9-19 BT2,15_9_19_BT2_1997_12_20.pdf,2,1,3340,-999.99,,,,SANDSTONE,,
153,15/9-19 BT2,15_9_19_BT2_1997_12_21.pdf,2,1,3360,-999.99,,,,SANDSTONE AND LIMESTONE IN LOWER PART,,
154,15/9-19 BT2,15_9_19_BT2_1997_12_22.pdf,2,1,3400,-999.99,,,,LIMESTONE,,
155,15/9-19 BT2,15_9_19_BT2_1997_12_23.pdf,2,1,3470,-999.99,,,,LIMESTONE,,
156,15/9-19 BT2,15_9_19_BT2_1997_12_24.pdf,2,1,3510,-999.99,,,,LIMESTONE,,
157,15/9-19 BT2,15_9_19_BT2_1997_12_25.pdf,2,1,3600,-999.99,,,,LIMESTONE,,
158,15/9-19 BT2,15_9_19_BT2_1997_12_26.pdf,2,1,3610,-999.99,,,,LIMESTONE AND MINOR MARL,,
159,15/9-19 BT2,15_9_19_BT2_1997_12_27.pdf,2,1,3650,-999.99,,,,LIMESTONE WITH MINOR MARL AND CLAYSTONE,,
159,15/9-19 BT2,15_9_19_BT2_1997_12_27.pdf,2,2,3680,-999.99,,,,CLAYSTONE WITH LIMESTONE/MARL INTERBEDS,,
160,15/9-19 BT2,15_9_19_BT2_1997_12_28.pdf,2,1,3690,-999.99,,,,CLAYSTONE WITH LIMESTONE/MARL LAMINAE,,
161,15/9-19 BT2,15_9_19_BT2_1997_12_29.pdf,2,1,3700,-999.99,,,,CLAYSTONE WITH INTERLAMINATED MARL,,
162,15/9-19 BT2,15_9_19_BT2_1997_12_30.pdf,2,1,3750,-999.99,,,,CLAYSTONE,,
163,15/9-19 BT2,15_9_19_BT2_1997_12_31.pdf,2,1,3927,-999.99,,,,CLAYSTONE WITH FEW THIN LIMESTONE STREAKS,,
163,15/9-19 BT2,15_9_19_BT2_1997_12_31.pdf,2,2,4008,-999.99,,,,CLAYSTONE W/ARKOSIC SANDSTONE,,
167,15/9-19 BT2,15_9_19_BT2_1998_01_04.pdf,2,1,4031,-999.99,,,,CLAYSTONE WITH MINOR SANDSTONE,,
169,15/9-19 BT2,15_9_19_BT2_1998_01_06.pdf,2,1,4037,-999.99,,,,SANDSTONE,,
169,15/9-19 BT2,15_9_19_BT2_1998_01_06.pdf,2,2,4072,-999.99,,,,SANDSTONE W/MINOR SILTSTONE AND LIMESTONE STREAKS,,
170,15/9-19 BT2,15_9_19_BT2_1998_01_07.pdf,2,1,4054.5,-999.99,,,,SANDSTONE,,
172,15/9-19 BT2,15_9_19_BT2_1998_01_09.pdf,2,1,4109,-999.99,,,,SANDSTONE W/ABUNDANT KAOLINITE MATRIX,,
173,15/9-19 BT2,15_9_19_BT2_1998_01_10.pdf,2,1,4137,-999.99,,,,INTERBEDDED CLAYSTONE AND SANDSTONE WITH COAL STRINGERS,,
173,15/9-19 BT2,15_9_19_BT2_1998_01_10.pdf,2,2,4214,-999.99,,,,CLAYSTONE (RED BEDS) WITH OCCASIONAL VERY THIN SANDSTONE STRINGERS,,
222,15/9-19 S,15_9_19_S_1992_11_23.pdf,2,1,547,690,,,,CLAYSTONE GRADINDG ARGILLACEOUS SILTSTONE,547,689.6
222,15/9-19 S,15_9_19_S_1992_11_23.pdf,2,2,690,740,,,,CLAYSTONE,689.6,739.3
223,15/9-19 S,15_9_19_S_1992_11_24.pdf,2,1,740,847.5,,,,CLAYSTONE,739.3,839
223,15/9-19 S,15_9_19_S_1992_11_24.pdf,2,2,847.5,10,,,,SANDSTONE WITH MINOR CLAYSTONE BEDS,839,1050.5
224,15/9-19 S,15_9_19_S_1992_11_25.pdf,2,1,10,1106,,,,SANDSTONE,1050.5,1054.8
224,15/9-19 S,15_9_19_S_1992_11_25.pdf,2,2,1106,1313,,,,CLAYSTONE WITH RARE LIMESTONE,1054.8,1177.8
224,15/9-19 S,15_9_19_S_1992_11_25.pdf,2,3,1313,1430,,,,SANDSTONE WITH RARE SILTY CLAYSTONE BEDS SANDSTONE HAS STRONG CALC CMT I/P. (GRADING TO ARENACEO US LIMESTONE),1177.8,1241.5
225,15/9-19 S,15_9_19_S_1992_11_26.pdf,2,1,1430,1450.5,,,,SANDSTONE WITH MINOR LIMESTONE AND CLAYSTONE,1241.5,1252.3
225,15/9-19 S,15_9_19_S_1992_11_26.pdf,2,2,1450.5,1490,,,,CLAYSTONE WITH RARE LIMESTONE,1252.3,1272.8
229,15/9-19 S,15_9_19_S_1992_11_30.pdf,2,1,1490,1720,,,,CLAYSTONE WITH RARE ARENACEOUS LIMESTONE GRADING SANDSTONE I/P,1272.8,1389.2
230,15/9-19 S,15_9_19_S_1992_12_01.pdf,2,1,1720,2010,,,,CLAYSTONE WITH TRACE LIMESTONE & DOLOMITE,1389.2,1543.2
231,15/9-19 S,15_9_19_S_1992_12_02.pdf,2,1,2010,2140,,,,CLAYSTONE WITH TRACE LIMESTONE,1543.2,1613.3
232,15/9-19 S,15_9_19_S_1992_12_03.pdf,2,1,2140,2531,,,,CLAYSTONE WITH MINOR LIMESTONE,1613.3,1815.5
234,15/9-19 S,15_9_19_S_1992_12_05.pdf,2,1,2590,2740,,,,CLAYSTONE,1846,1925
234,15/9-19 S,15_9_19_S_1992_12_05.pdf,2,2,2740,2890,,,,CLAYSTONE WITH MINOR DOLOMITE + LIMESTONE STRINGER S,1925,2005
234,15/9-19 S,15_9_19_S_1992_12_05.pdf,2,3,2890,2990,,,,CLAYSTONE WITH TRACE SANDSTONE,2005,2058
235,15/9-19 S,15_9_19_S_1992_12_06.pdf,2,1,2990,3017.5,,,,CLAYSTONE WITH TRACE DOLOMITE,2058,2073
236,15/9-19 S,15_9_19_S_1992_12_07.pdf,2,1,3017,3040,,,,CLAYSTONE,2072,2084.5
237,15/9-19 S,15_9_19_S_1992_12_08.pdf,2,1,3016,3215,,,,"3016-3052M SANDSTONE, 3052-3169M CLAYSTONE, 3169-3215M SANDSTON E",2072,2177
238,15/9-19 S,15_9_19_S_1992_12_09.pdf,2,1,3280,3326,,,,CLAYSTONE,2212,2237.6
238,15/9-19 S,15_9_19_S_1992_12_09.pdf,2,2,3326,3353,,,,CLAYSTONE WITH TRACE TUFFACEOUS FRAGMENTS + TRACE LIMESTONE,2237.6,2252
248,15/9-19 S,15_9_19_S_1992_12_19.pdf,2,1,1493,1570,,,,CLAYSTONE WITH MINOR LIMESTONE.,1276.7,1316.8
250,15/9-19 ST2,15_9_19_ST2_1992_12_20.pdf,2,1,1570,1653,,,,CLAYSTONE,1316.8,1357.3
251,15/9-19 ST2,15_9_19_ST2_1992_12_21.pdf,2,1,1653,1900,,,,CLAYSTONE WITH MINOR LIMESTONE AND DOLOMITE,1357.3,1484.3
252,15/9-19 ST2,15_9_19_ST2_1992_12_22.pdf,2,1,1900,2320,,,,CLAYSTONE WITH MINOR LIMESTONE,1484.3,1702.4
253,15/9-19 ST2,15_9_19_ST2_1992_12_23.pdf,2,1,2320,2530,,,,CLAYSTONE WITH MINOR LIMESTONE,1723,1813.3
254,15/9-19 ST2,15_9_19_ST2_1992_12_24.pdf,2,1,2530,2720,,,,CLAYSTONE WITH MINOR LIMESTONE,1813,1915.4
254,15/9-19 ST2,15_9_19_ST2_1992_12_24.pdf,2,2,2720,2900,,,,"CLAYSTONE (LESS FIRM), WITH MINOR LIMESTONE",1915.4,2010.1
255,15/9-19 ST2,15_9_19_ST2_1992_12_25.pdf,2,1,2900,3018,,,,CLAYSTONE WITH TRACE LIMESTONE AND TRACE SANDSTONE,2010.1,2070.1
261,15/9-19 ST2,15_9_19_ST2_1992_12_31.pdf,2,1,3018,3050,,,,SANDSTONE WITH OCCASIONAL THIN CLAYSTONES,2070,2086.3
264,15/9-19 ST2,15_9_19_ST2_1993_01_03.pdf,2,1,3052,3083,,,,"SANDSTONE, MINOR CLAYSTONE",2087.3,2104.8
264,15/9-19 ST2,15_9_19_ST2_1993_01_03.pdf,2,2,3083,3137,,,,CLAYSTONE,2104.8,2135.3
266,15/9-19 ST2,15_9_19_ST2_1993_01_05.pdf,2,1,3141,3158,,,,CLAYSTONE,2137.6,2147.2
267,15/9-19 ST2,15_9_19_ST2_1993_01_06.pdf,2,1,3158,3204,,,,SANDTONE WITH INTERBEDDED CLAYSTONE,2147.2,2174.2
268,15/9-19 ST2,15_9_19_ST2_1993_01_07.pdf,2,1,3204,3215,,,,"SANDSTONE, MINOR CLAYSTONE",2174.2,2180.6
269,15/9-19 ST2,15_9_19_ST2_1993_01_08.pdf,2,1,3215,3240,,,,INTERBEDDED CLAYSTONE AND SANDSTONE,2180.6,2195.8
269,15/9-19 ST2,15_9_19_ST2_1993_01_08.pdf,2,2,3240,3310,,,,CLAYSTONE WITH CALCAREOUS SANDSTONE AND LIMESTONE STRINGERS,2195.8,2238.3
270,15/9-19 ST2,15_9_19_ST2_1993_01_09.pdf,2,1,3310,3410,,,,CLAYSTONE WITH MINOR TUFFS AND LIMESTONE/DOLOMITE STRINGERS,2238.3,2298.9
271,15/9-19 ST2,15_9_19_ST2_1993_01_10.pdf,2,1,3410,3483,,,,CLAYSTONE WITH DOLOMITE AND LIMESTONE STRINGERS (SELE FM),2298.9,2344.4
271,15/9-19 ST2,15_9_19_ST2_1993_01_10.pdf,2,2,3483,3562,,,,CLAYSTONE WITH DOLOMITE & LIMESTONE STRINGERS (LISTA FM),2344.4,2394.4
272,15/9-19 ST2,15_9_19_ST2_1993_01_11.pdf,2,1,3562,3580,,,,CLAYSTONE WITH MINOR LIMESTONE AND SANDSTONE,2394.4,2405.8
302,15/9-19 ST2,15_9_19_ST2_1993_02_26.pdf,2,1,3580,3595,,,,"VARIABLY SILTY CLAYSTONE WITH MINOR THIN SANDS, AND RARE THIN LIMESTONES",2405.8,2414
303,15/9-19 ST2,15_9_19_ST2_1993_02_27.pdf,2,1,3595,3630,,,,VARIABLY SILTY CLAYSTONE WITH THIN CALCAREOUS SANDSTONES GRADING TO LIMESTONE.,2414,2431.4
303,15/9-19 ST2,15_9_19_ST2_1993_02_27.pdf,2,2,3630,3643,,,,MASSIVE SANDSTONE WITH MINOR THIN CLAYSTONES,2431.4,2439
304,15/9-19 ST2,15_9_19_ST2_1993_02_28.pdf,2,1,3643,3647.7,,,,CORE NO 1 CUT 5M REC 4.7M MASSIVE SANDSTONE WITH MINOR CLAYSTONE AT BASE,2439,2441.8
305,15/9-19 ST2,15_9_19_ST2_1993_03_01.pdf,2,1,3648,3779,,,,SANDSTONE WITH CLAYSTONE INTERBEDS (SANDSTONES BECOMING MORE CALCAREOUS BELOW 3747M MD + WITH TRACES OF CARBONACEOUS MATERIAL),2442,2518.4
306,15/9-19 ST2,15_9_19_ST2_1993_03_02.pdf,2,1,3779,3831.5,,,,SANDSTONE WITH MINOR CLAYSTONE,2518.4,2552
306,15/9-19 ST2,15_9_19_ST2_1993_03_02.pdf,2,2,3831.5,3856,,,,ARGILLACEOUS LIMESTONE WITH MINOR CLAYSTONE BEDS,2552,2567.8
306,15/9-19 ST2,15_9_19_ST2_1993_03_02.pdf,2,3,3856,3887,,,,MASSIVE CHALKY LIMESTONE,2567.8,2587.8
307,15/9-19 ST2,15_9_19_ST2_1993_03_03.pdf,2,1,3887,3955,,,,MASSIVE CHALKY LIMESTONE,2587.8,2631.6
309,15/9-19 ST2,15_9_19_ST2_1993_03_05.pdf,2,1,3955,4107,,,,MASSIVE CHALKY LIMESTONE (BECOMING PREDOMINANTLY PALE RED BELOW 3980M MD 2648M TVDRKB ),2631.4,2731.5
310,15/9-19 ST2,15_9_19_ST2_1993_03_06.pdf,2,1,4107,4175.5,,,,LIMESTONE WITH MINOR MARL + TRACE CLAYSTONE,2731.5,2779.3
310,15/9-19 ST2,15_9_19_ST2_1993_03_06.pdf,2,2,4175.5,4307.5,,,,LIMESTONE GRADING INCREASINGLY TO MARL AND CLAYSTONE WITH DEPTH. DOMINANTLY SILTSTONE BELOW 4275M.,2779.3,2877.2
310,15/9-19 ST2,15_9_19_ST2_1993_03_06.pdf,2,3,4307.5,4319,,,,CLAYSTONE,2877.2,2885.9
310,15/9-19 ST2,15_9_19_ST2_1993_03_06.pdf,2,4,4319,4328,,,,SANDSTONE,2885.9,2892.8
313,15/9-19 ST2,15_9_19_ST2_1993_03_09.pdf,2,1,4328,4342,,,,SANDSTONE WITH TRACE OF CLAYSTONE,2892.8,2903.5
313,15/9-19 ST2,15_9_19_ST2_1993_03_09.pdf,2,2,4343,4343,,,,SANDSTONE,2904.3,2904.3
313,15/9-19 ST2,15_9_19_ST2_1993_03_09.pdf,2,3,4344,4354.2,,,,SANDSTONE GRADING LOCALLY TO SILTSTONE .,2905,2912.8
314,15/9-19 ST2,15_9_19_ST2_1993_03_10.pdf,2,1,4355,4383,,,,"SANDSTONE GRADING LOCALLY TO SILTSTONE, WITH 1 CLAYSTONE BAND AT 4364M",2913.4,2934.8
315,15/9-19 ST2,15_9_19_ST2_1993_03_11.pdf,2,1,4383,4493,,,,SANDSTONE WITH VERY MINOR SILTSTONE.,2935.1,3019.3
316,15/9-19 ST2,15_9_19_ST2_1993_03_12.pdf,2,1,4493,4641,,,,"SANDSTONE LOCALLY GRADING TO/INTERBEDDED WITH SILTSTONE,TRACE THIN CLAYSTONE INTERBEDS",3019.3,3129.7
392,15/9-F-10,15_9_F_10_2009_04_23.pdf,2,1,1400,1463,,,,Claystone with minor limestone (Hordaland Gp ),1343.6,1396.8
393,15/9-F-10,15_9_F_10_2009_04_24.pdf,2,1,1463,1550,,,,Claystone with Limestone stringers,1399,1478
394,15/9-F-10,15_9_F_10_2009_04_25.pdf,2,1,1550,1850,,,,Claystone with minor Limestone stringer s,1473.8,1740.4
395,15/9-F-10,15_9_F_10_2009_04_26.pdf,2,1,1850,2160,,,,Claystone with minor Limestone stringer s,1740.4,1971.7
396,15/9-F-10,15_9_F_10_2009_04_27.pdf,2,1,2160,2337,,,,Claystone with minor Limestone stringers,1971.7,2096.8
396,15/9-F-10,15_9_F_10_2009_04_27.pdf,2,2,2337,2440,,,,"Sandstone, with Claystone, Siltstone and Limestone (Grid Fm )",2096.8,2169.7
397,15/9-F-10,15_9_F_10_2009_04_28.pdf,2,1,2450,2540,,,,Claystone with minor limestone stringers,2176.7,2240.3
397,15/9-F-10,15_9_F_10_2009_04_28.pdf,2,2,2540,2590,,,,Varicoloured Claystone with minor limestone stringer s,2240.3,2275.6
397,15/9-F-10,15_9_F_10_2009_04_28.pdf,2,3,2590,2616,,,,"Varicoloured Claystone, Tuff, and minor Limestone",2275.6,2294
408,15/9-F-10,15_9_F_10_2009_05_09.pdf,2,1,2825,2888,,,,Claystones with traces of Limestone,2440,2480
408,15/9-F-10,15_9_F_10_2009_05_09.pdf,2,2,2888,2899,,,,Claystone with Limestone and Sandstone (Heimdal Fm),2480,2487
408,15/9-F-10,15_9_F_10_2009_05_09.pdf,2,3,2899,3266,,,,Sandstones with Claystone stringers and trace Limestone (Ty Fm ),2487,2632
409,15/9-F-10,15_9_F_10_2009_05_10.pdf,2,1,3266,3315,,,,Limestone,2632,2641
410,15/9-F-10,15_9_F_10_2009_05_11.pdf,2,1,3315,3319,,,,,2641,2641.6
412,15/9-F-10,15_9_F_10_2009_05_13.pdf,2,1,3319,3433,,,,Limestone,2641,2652
413,15/9-F-10,15_9_F_10_2009_05_14.pdf,2,1,3433,3442,,,,Limestone,2652,2653.9
421,15/9-F-10,15_9_F_10_2009_05_22.pdf,2,1,3450,3580,,,,"Predominantly limestone, very slightly argillaceous in places.",,
422,15/9-F-10,15_9_F_10_2009_05_23.pdf,2,1,3580,3660,,,,"Limestone, very slightly argillaceous in places.",,
423,15/9-F-10,15_9_F_10_2009_05_24.pdf,2,1,3670,3690,,,,"Limestone, very slightly argillaceous in places.",,
424,15/9-F-10,15_9_F_10_2009_05_25.pdf,2,1,3690,3840,,,,"Interval of variably hard limestone; very slightly argillaceous in places. Rare, very thin claystone horizons also occur .",,
425,15/9-F-10,15_9_F_10_2009_05_26.pdf,2,1,3850,4220,,,,"Interval of variably hard limestone; very slightly argillaceous in places. Rare, very thin claystone horizons also occur .",,
426,15/9-F-10,15_9_F_10_2009_05_27.pdf,2,1,4230,4540,,,,Interval of variably hard limestone with occasional thin claystone horizons .,,
427,15/9-F-10,15_9_F_10_2009_05_28.pdf,2,1,4550,4620,,,,Limestone interval with thin claystone interbedding.,,
427,15/9-F-10,15_9_F_10_2009_05_28.pdf,2,2,4630,4730,,,,Limestone interval with thin claystone interbedding.,,
428,15/9-F-10,15_9_F_10_2009_05_29.pdf,2,1,4740,4910,,,,Limestone interval with thin claystone interbedding.,,
431,15/9-F-10,15_9_F_10_2009_06_01.pdf,2,1,4911,4950,,,,Limestone with minor claystone and sandy lense s,2791,2798
432,15/9-F-10,15_9_F_10_2009_06_02.pdf,2,1,4950,5052,,,,Claystones with limestone stringers,,
432,15/9-F-10,15_9_F_10_2009_06_02.pdf,2,2,5052,5169,,,,Organic rich black claystones,,
432,15/9-F-10,15_9_F_10_2009_06_02.pdf,2,3,5169,5205,,,,Silty dark claystones,,
432,15/9-F-10,15_9_F_10_2009_06_02.pdf,2,4,5205,5262,,,,Kaolinitic Sansdstones with minor Claystone s,,
432,15/9-F-10,15_9_F_10_2009_06_02.pdf,2,5,5262,5270,,,,Claystones with Limestones.,,
432,15/9-F-10,15_9_F_10_2009_06_02.pdf,2,6,5270,5295,,,,Claystones with minor limestone stringers,,
433,15/9-F-10,15_9_F_10_2009_06_03.pdf,2,1,5295,5331,,,,Claystone with minor sand s,,
464,15/9-F-11 A,15_9_F_11_A_2013_05_15.pdf,2,1,2586,2595,,,,Claystone with traces of Sandstone,2453,2461
465,15/9-F-11 A,15_9_F_11_A_2013_05_16.pdf,2,1,2595,2620,,,,Interbedded Claystone and Sandstone,2461,2480
465,15/9-F-11 A,15_9_F_11_A_2013_05_16.pdf,2,2,2620,2790,,,,Sandstone with minor Claystone and traces of Limestone,2480,2607
465,15/9-F-11 A,15_9_F_11_A_2013_05_16.pdf,2,3,2790,2970,,,,Limestone,2607,2702
465,15/9-F-11 A,15_9_F_11_A_2013_05_16.pdf,2,4,2970,3000,,,,Limestone,2702,2712
466,15/9-F-11 A,15_9_F_11_A_2013_05_17.pdf,2,1,3000,30,,,,Limestone,2712,2804
468,15/9-F-11 A,15_9_F_11_A_2013_05_20.pdf,2,1,30,3360,,,,Limestone,2804,2836.2
468,15/9-F-11 A,15_9_F_11_A_2013_05_20.pdf,2,2,3360,3420,,,,Limestone,2836.2,2873.5
469,15/9-F-11 A,15_9_F_11_A_2013_05_21.pdf,2,1,3420,3470,,,,Limestone,2873.5,
469,15/9-F-11 A,15_9_F_11_A_2013_05_21.pdf,2,2,3470,3526,,,,Limestone/Marl,,
469,15/9-F-11 A,15_9_F_11_A_2013_05_21.pdf,2,3,3526,3589,,,,Claystone,,
469,15/9-F-11 A,15_9_F_11_A_2013_05_21.pdf,2,4,3589,3712,,,,Sandstone interbedded with minor Claystone and Siltstone,,
469,15/9-F-11 A,15_9_F_11_A_2013_05_21.pdf,2,5,3712,3762,,,,Silty Sandstone interbedded with minor Claystone,,
479,15/9-F-11 B,15_9_F_11_B_2013_05_30.pdf,2,1,2845,2917,,,,Limestone with minor Marl (Tor Formation ),2619,2676
480,15/9-F-11 B,15_9_F_11_B_2013_05_31.pdf,2,1,2917,3025,,,,Limestone with minor Marl (Tor Formation ),2651,2702
480,15/9-F-11 B,15_9_F_11_B_2013_05_31.pdf,2,2,3025,3103,,,,Limestone with minor Marl (Tor Formation ),2702,2739
481,15/9-F-11 B,15_9_F_11_B_2013_06_01.pdf,2,1,3103,3197,,,,Limestone with minor Marl,2739,2782
486,15/9-F-11 B,15_9_F_11_B_2013_06_06.pdf,2,1,32453,35354,,,,fghjcgh,3453,56354
488,15/9-F-11 B,15_9_F_11_B_2013_06_08.pdf,2,1,3200,3271,,,,Predominantly limestone locally grading to marl,2783.9,2817.3
489,15/9-F-11 B,15_9_F_11_B_2013_06_09.pdf,2,1,3271,3380,,,,Predominantly varicolured limestone witg marl interbeds and traces of siltston e,2816.6,2856.7
489,15/9-F-11 B,15_9_F_11_B_2013_06_09.pdf,2,2,3380,3420,,,,Limestone and silstone with good traces of pyrite,2856.7,2868.8
489,15/9-F-11 B,15_9_F_11_B_2013_06_09.pdf,2,3,3420,3460,,,,Siltstone with increasing sandstone,2868.8,2881.6
489,15/9-F-11 B,15_9_F_11_B_2013_06_09.pdf,2,4,3460,3776,,,,Predominantlt sandstone with traces of limestone,2881.6,2924.3
489,15/9-F-11 B,15_9_F_11_B_2013_06_09.pdf,2,5,3600,3610,,,"Bright bluish yellow cut fluorescence, slow diffusing solvent su t",,0,0
490,15/9-F-11 B,15_9_F_11_B_2013_06_10.pdf,2,1,3776,4141,,,,Predominantly sandstone with variable amounts of limestone and siltston e,2924.9,2980.2
491,15/9-F-11 B,15_9_F_11_B_2013_06_11.pdf,2,1,4141,4567,,,,Sandstone with traces of siltstone,2979.5,3097.2
492,15/9-F-11 B,15_9_F_11_B_2013_06_12.pdf,2,1,4567,4770,,,,Predominantly sandstone with minor siltstone intercalations,3110,3257.8
589,15/9-F-11 T2,15_9_F_11_T2_2013_04_14.pdf,2,1,1365,1390,,,,Claystone,1340,1363
589,15/9-F-11 T2,15_9_F_11_T2_2013_04_14.pdf,2,2,1390,1400,,,,Claystone,1363,1371
590,15/9-F-11 T2,15_9_F_11_T2_2013_04_15.pdf,2,1,1400,1440,,,,Claystone,1372,1408
590,15/9-F-11 T2,15_9_F_11_T2_2013_04_15.pdf,2,2,1440,1470,,,,Claystone,1408,1434
590,15/9-F-11 T2,15_9_F_11_T2_2013_04_15.pdf,2,3,1470,1500,,,,Claystone,1434,1460
592,15/9-F-11 T2,15_9_F_11_T2_2013_04_17.pdf,2,1,1500,1570,,,,Claystone,1460,1519
592,15/9-F-11 T2,15_9_F_11_T2_2013_04_17.pdf,2,2,1570,1650,,,,Claystone,1519,1585
592,15/9-F-11 T2,15_9_F_11_T2_2013_04_17.pdf,2,3,1650,1780,,,,Claystone with minor limestone stringer s,1585,1693
593,15/9-F-11 T2,15_9_F_11_T2_2013_04_18.pdf,2,1,1780,1812,,,,Claystone with Limestone stringers,1693,1722
594,15/9-F-11 T2,15_9_F_11_T2_2013_04_19.pdf,2,1,1812,1860,,,,Claystone with Limestone stringers,1722,1766
594,15/9-F-11 T2,15_9_F_11_T2_2013_04_19.pdf,2,2,1860,1966,,,,Claystone with Limestone stringers and rare Sandstone,1766,1866
595,15/9-F-11 T2,15_9_F_11_T2_2013_04_20.pdf,2,1,1966,2020,,,,Claystone with minor Limestone/Dolomite stringer s,1866.2,1919.1
595,15/9-F-11 T2,15_9_F_11_T2_2013_04_20.pdf,2,2,2020,2046,,,,Claystone with minor Limestone/Dolomite stringer s,1919.1,1944.8
596,15/9-F-11 T2,15_9_F_11_T2_2013_04_21.pdf,2,1,2046,2221,,,,Claystone with Limestone/Dolomite stringers,1844.8,2119.1
596,15/9-F-11 T2,15_9_F_11_T2_2013_04_21.pdf,2,2,2221,2290,,,,Very fine to medium Sandstone,2119.1,2186.9
596,15/9-F-11 T2,15_9_F_11_T2_2013_04_21.pdf,2,3,2290,2310,,,,Claystone with Limestone/Dolomite stringers,2186.9,2206.3
596,15/9-F-11 T2,15_9_F_11_T2_2013_04_21.pdf,2,4,2310,2373,,,,Vari-coloured Claystone with Limestone/Dolomite stringers,2206.3,2273.2
596,15/9-F-11 T2,15_9_F_11_T2_2013_04_21.pdf,2,5,2373,2435,,,,Claystone with Tuff and Limestone/Dolomite stringers,2273.2,2323.8
596,15/9-F-11 T2,15_9_F_11_T2_2013_04_21.pdf,2,6,2435,2475,,,,Claystone with Trace Lmestone/Dolomite,2323.8,2359.5
604,15/9-F-11 T2,15_9_F_11_T2_2013_04_29.pdf,2,1,2580,2800,,,,Alternating claystone and sandstone,2447.2,2592.1
604,15/9-F-11 T2,15_9_F_11_T2_2013_04_29.pdf,2,2,2800,2907,,,,Clystone with minor limestone and sandston e,2592.1,2646.3
605,15/9-F-11 T2,15_9_F_11_T2_2013_04_30.pdf,2,1,2907,3279,,,,Predominantly limestone with slight traces of claystone,2642.8,2722
606,15/9-F-11 T2,15_9_F_11_T2_2013_05_01.pdf,2,1,3279,3514,,,,Predominantly limestone with slight traces of claystone,2722,2754.4
607,15/9-F-11 T2,15_9_F_11_T2_2013_05_02.pdf,2,1,3514,3835,,,,Predominantly limestone with slight traces of claystone,2754.4,2822.7
608,15/9-F-11 T2,15_9_F_11_T2_2013_05_03.pdf,2,1,2835,3940,,,,Predominantly limestone with slight traces of claystone,2822.7,2870.2
608,15/9-F-11 T2,15_9_F_11_T2_2013_05_03.pdf,2,2,3940,4000,,,,Predominantly argillaceous limestone with slight traces of claystone,2870.2,2905.8
608,15/9-F-11 T2,15_9_F_11_T2_2013_05_03.pdf,2,3,4000,4147,,,,Marl with slight traces of claystone and siltstone,2905.8,3011.9
608,15/9-F-11 T2,15_9_F_11_T2_2013_05_03.pdf,2,4,4147,4162,,,,Predominantly organic rich dark grey black claystone with traces of mar l,3011.9,3024
609,15/9-F-11 T2,15_9_F_11_T2_2013_05_04.pdf,2,1,4162,4350,,,,Predominantly organic rich dark grey black claystone with tr aces of marl,3024,3192.5
609,15/9-F-11 T2,15_9_F_11_T2_2013_05_04.pdf,2,2,4350,4390,,,,Predominantly siltstone with traces of silty sandstone,3192.5,3231.1
609,15/9-F-11 T2,15_9_F_11_T2_2013_05_04.pdf,2,3,4390,4464,,,,Silty sandstone with minor siltstone,3231.1,3303
609,15/9-F-11 T2,15_9_F_11_T2_2013_05_04.pdf,2,4,41,4414,,,"Oil show: br yelsh fluor, br wh solv cut, slw diff wh stks, wk crm br yelsh cut fluor, slow diff solv cut, tn br yel res rng",,0,0
610,15/9-F-11 T2,15_9_F_11_T2_2013_05_05.pdf,2,1,4464,4562,,,,Silty sandstone with minor siltston e,3303,3398
629,15/9-F-12,15_9_F_12_2007_06_22.pdf,2,1,258.4,261.4,,,,Interbedded Sand and Siltstone.,258.4,261.4
633,15/9-F-12,15_9_F_12_2007_06_26.pdf,2,1,261,490,,,,Claystone with minor interbedded sandston e,261,490
634,15/9-F-12,15_9_F_12_2007_06_27.pdf,2,1,490,600,,,,Claystone with minor siltstone interbed s,490,600
635,15/9-F-12,15_9_F_12_2007_06_28.pdf,2,1,600,738,,,,Claystone with minor sand & siltstone interbed s,600,738
636,15/9-F-12,15_9_F_12_2007_06_29.pdf,2,1,738,882.5,,,,Claystone with minor sandstone and occasional siltstone interbeds .,738,882.5
636,15/9-F-12,15_9_F_12_2007_06_29.pdf,2,2,882.5,940,,,,Sandstone with minor claystone and shell fragments,882.5,940
637,15/9-F-12,15_9_F_12_2007_06_30.pdf,2,1,940,1065,,,,Sandstone with minor claystone and shell fragment s,940,1065
637,15/9-F-12,15_9_F_12_2007_06_30.pdf,2,2,1065,1206,,,,Claystone with occasional sandstone interbeds,1065,1206
637,15/9-F-12,15_9_F_12_2007_06_30.pdf,2,3,1206,1230,,,,Sandstone with minor claystone,1206,1230
638,15/9-F-12,15_9_F_12_2007_07_01.pdf,2,1,1230,1353,,,,Sandstone with minor claystone,1230,1353
659,15/9-F-12,15_9_F_12_2007_07_22.pdf,2,1,1380,1440,,,,"Homogenous claystone with thin, rare sitstone horizons and rare calcareous cementation.",1354.9,1412.5
660,15/9-F-12,15_9_F_12_2007_07_23.pdf,2,1,1470,1560,,,,"Homogenous claystone with thin, rare sitstone horizons and rare calcareous cementation.",1439.8,1523.1
661,15/9-F-12,15_9_F_12_2007_07_24.pdf,2,1,1560,1830,,,,Homogenous claystone interval with intermittent thin siltstone and dolomite bedding .,1523.6,1771.8
662,15/9-F-12,15_9_F_12_2007_07_25.pdf,2,1,1860,2080,,,,"Homogenous claystone with rare, thin dolomite and siltstone interbedding.",1799.4,2004.1
662,15/9-F-12,15_9_F_12_2007_07_25.pdf,2,2,2090,2140,,,,"Homogenous claystone with rare, thin dolomite and siltstone interbedding.",2013.8,2062.4
663,15/9-F-12,15_9_F_12_2007_07_26.pdf,2,1,2150,2300,,,,"Homogenous claystone with variable reduction colours with rare, intermittent sandstone/siltstone and dolomite horizon s.",2072.4,2220.3
663,15/9-F-12,15_9_F_12_2007_07_26.pdf,2,2,2310,2390,,,,"Tuffaceous claystone with variable reduction colours with rare, intermittent tuff horizons.",2230.2,2308.5
663,15/9-F-12,15_9_F_12_2007_07_26.pdf,2,3,2400,2420,,,,Homogenous claystone with very rare tuffaceous horizons.,2318.2,2337.7
664,15/9-F-12,15_9_F_12_2007_07_27.pdf,2,1,2420,2460,,,,Homogenous claystone,2337.7,2375.7
665,15/9-F-12,15_9_F_12_2007_07_28.pdf,2,1,2460,2513,,,,Homogenous claystone with rare traces of Siltstone,2375.7,2427
668,15/9-F-12,15_9_F_12_2007_07_31.pdf,2,1,2513,2545,,,,Claystone with traces of calcareous siltstones.,2427,2456
668,15/9-F-12,15_9_F_12_2007_07_31.pdf,2,2,2545,2555,,,,Claystones and siltstones w/ occ. quarts grains.,2456,2465
668,15/9-F-12,15_9_F_12_2007_07_31.pdf,2,3,2555,2573,,,,Sandstones with various amount of claystones and siltstones,2465,2482
680,15/9-F-12,15_9_F_12_2007_08_12.pdf,2,1,2580,2640,,,,Sandstone and claystone,2488,2544
681,15/9-F-12,15_9_F_12_2007_08_13.pdf,2,1,2640,2700,,,,Interbedded sandstone and claystone .,2544,2594
681,15/9-F-12,15_9_F_12_2007_08_13.pdf,2,2,2700,2710,,,,Interbedded marl and limestone.,2594,2602
681,15/9-F-12,15_9_F_12_2007_08_13.pdf,2,3,2710,2766,,,,Limestone.,2602,2650
682,15/9-F-12,15_9_F_12_2007_08_14.pdf,2,1,2766,2872,,,,Limestone,2650,2722
683,15/9-F-12,15_9_F_12_2007_08_15.pdf,2,1,2872,2972.8,,,,Limestone and marl,2722,2781.5
684,15/9-F-12,15_9_F_12_2007_08_16.pdf,2,1,2972.8,2980,,,,Limestone and marl,2781.5,2786.5
684,15/9-F-12,15_9_F_12_2007_08_16.pdf,2,2,2980,3030,,,,Marl,2786.5,2815
685,15/9-F-12,15_9_F_12_2007_08_17.pdf,2,1,3030,3100,,,,Marl interbedded with limestone,2815,2855
685,15/9-F-12,15_9_F_12_2007_08_17.pdf,2,2,3100,3105,,,,Claystone w/ minor limestone stringer s,2855,2858.2
685,15/9-F-12,15_9_F_12_2007_08_17.pdf,2,3,3105,3114,,,,Claystone,2858.2,2863.7
691,15/9-F-12,15_9_F_12_2007_08_23.pdf,2,1,3114,3117,,,,Massive Carbonaceous Claystones,2863,2865.4
691,15/9-F-12,15_9_F_12_2007_08_23.pdf,2,2,3117,3126,,,,"Claystone, limestone and loose quartz",2865.4,2870.7
691,15/9-F-12,15_9_F_12_2007_08_23.pdf,2,3,3126,3183,,,,Sandstone with some siltstone and claystone. Also traces of limestone and coal,2870.7,2904.5
692,15/9-F-12,15_9_F_12_2007_08_24.pdf,2,1,3183,3280.5,,,,Sandstone grading to siltstone with minor limestone and coa l,2904.5,2962.5
692,15/9-F-12,15_9_F_12_2007_08_24.pdf,2,2,3280.5,3338,,,,Sandstones with thin claystones,2962.5,2996.1
692,15/9-F-12,15_9_F_12_2007_08_24.pdf,2,3,3338,3499,,,,Sandstone/siltstone with Claystone,2996.1,3093.9
693,15/9-F-12,15_9_F_12_2007_08_25.pdf,2,1,3499,3520,,,,Sandstone/siltstone with Limestone and traces of Claystone,3093.9,3107.5
812,15/9-F-14,15_9_F_14_2008_05_12.pdf,2,1,1090,1190,,,,Claystone with traces of sand,,
812,15/9-F-14,15_9_F_14_2008_05_12.pdf,2,2,1190,1240,,,,Claystone with traces of limestone and sandstone,,
812,15/9-F-14,15_9_F_14_2008_05_12.pdf,2,3,1240,1260,,,,Sandstone with traces of claystone,,
813,15/9-F-14,15_9_F_14_2008_05_13.pdf,2,1,1270,1300,,,,Claystone,,
813,15/9-F-14,15_9_F_14_2008_05_13.pdf,2,2,1310,1330,,,,Claystone with minor sandstone,,
813,15/9-F-14,15_9_F_14_2008_05_13.pdf,2,3,1340,1480,,,,Claystone with traces of sandstone,,
813,15/9-F-14,15_9_F_14_2008_05_13.pdf,2,4,1490,1680,,,,Claystone with minor sandstone and limestone,,
814,15/9-F-14,15_9_F_14_2008_05_14.pdf,2,1,1680,1860,,,,Claystone with minor sandstone and traces of limestone,,
814,15/9-F-14,15_9_F_14_2008_05_14.pdf,2,2,1870,1970,,,,Claystone with minor limestone and traces of sandstone,,
814,15/9-F-14,15_9_F_14_2008_05_14.pdf,2,3,1980,2130,,,,Claystone with minor sandstone and interbedded limestone,,
814,15/9-F-14,15_9_F_14_2008_05_14.pdf,2,4,2140,2190,,,,Sandstone with interbedded claystone and limestone trace s,,
815,15/9-F-14,15_9_F_14_2008_05_15.pdf,2,1,20,2220,,,,Sandstone with minor clayston e,,
815,15/9-F-14,15_9_F_14_2008_05_15.pdf,2,2,2230,2280,,,,Claystone,,
842,15/9-F-14,15_9_F_14_2008_06_11.pdf,2,1,2788,2830,,,,Limestone,2732,2764
843,15/9-F-14,15_9_F_14_2008_06_12.pdf,2,1,2830,2880,,,,Limestone,2763,2797
843,15/9-F-14,15_9_F_14_2008_06_12.pdf,2,2,2880,2978,,,,Limestone grading to Marl,2797,2850.5
843,15/9-F-14,15_9_F_14_2008_06_12.pdf,2,3,2978,2994,,,,Carbonaceous claystone with minor limesto ne stringers,2850.5,2857.5
843,15/9-F-14,15_9_F_14_2008_06_12.pdf,2,4,2994,3000.5,,,,Siltstone with sandstone,2857.5,2862.3
843,15/9-F-14,15_9_F_14_2008_06_12.pdf,2,5,3000,3066,,,"Good SHOW: pchy (60-80%) mod-bri gn/yel/wh dir fluor, bri bri wh slo strmg and inst cut fluor, no vis cut, thin pl yel fluor res, nil-pl brn vis res",,0,0
843,15/9-F-14,15_9_F_14_2008_06_12.pdf,2,6,3000.5,3070,,,,Sandstone with minor siltstone and clayston e,2862.3,2888.1
844,15/9-F-14,15_9_F_14_2008_06_13.pdf,2,1,3070,3216,,,,"Sandstone with traces of limestone, claystone and rare ly coal",2888.1,2927.5
844,15/9-F-14,15_9_F_14_2008_06_13.pdf,2,2,3070,30,,,"pchy(60-80%) bri gn/wh dir fluor, inst-slo strmg bri gn/wh cut fluor, no vis cut, pl gn/wh fluor re s, no vis res",,0,0
844,15/9-F-14,15_9_F_14_2008_06_13.pdf,2,3,3216,3318,,,,Sandstone with traces of coal and claystone,2927.5,2943.4
845,15/9-F-14,15_9_F_14_2008_06_14.pdf,2,1,30,3612,,,"Pchy (40-70%) mod wh gn dir fluor,v slomod gn/wh strmg cut fluor, no vis cut, pl gn/wh fluor res, n o vis res",,0,0
845,15/9-F-14,15_9_F_14_2008_06_14.pdf,2,2,3318,3612,,,,"Sandstones with traces of coal, and locally, clayst one",2943.4,3066.4
846,15/9-F-14,15_9_F_14_2008_06_15.pdf,2,1,3612,3666,,,"Pchy (30-70%) mod wh gn dir fluor,v slomod gn/wh strmg cut fluor, no vis cut, pl gn/wh fluor res, no vis res. Show be comes very weak at 3666m and absent below.",,0,0
846,15/9-F-14,15_9_F_14_2008_06_15.pdf,2,2,3612,3680,,,,Sandstone with traces of coal,3066.4,3113.6
846,15/9-F-14,15_9_F_14_2008_06_15.pdf,2,3,3666,3750,,,No shows,,0,0
846,15/9-F-14,15_9_F_14_2008_06_15.pdf,2,4,3680,3750,,,,"Sandstone interbedded with siltstone, clayston e and traces of coal",3113.6,3158.5
990,15/9-F-15 A,15_9_F_15_A_2008_12_13.pdf,2,1,1735,1801,,,,Claystone with Dolomite stringers,1676.6,1738.7
991,15/9-F-15 A,15_9_F_15_A_2008_12_14.pdf,2,1,1801,2034,,,,Claystones with Dolomite stringers,1738.7,1945.5
991,15/9-F-15 A,15_9_F_15_A_2008_12_14.pdf,2,2,2034,2097,,,,Claystones with Dolomite stringers,1945.5,2001.6
992,15/9-F-15 A,15_9_F_15_A_2008_12_15.pdf,2,1,2097,2205,,,,Claystone with Dolomite stringers,2001.6,2099.4
992,15/9-F-15 A,15_9_F_15_A_2008_12_15.pdf,2,2,2097,2440,,,No shows,,0,0
992,15/9-F-15 A,15_9_F_15_A_2008_12_15.pdf,2,3,2205,2330,,,,Sandstone and Claystone,2099.4,2213
992,15/9-F-15 A,15_9_F_15_A_2008_12_15.pdf,2,4,2330,2385,,,,Claystones with traces of Tuff,2213.4,2263.2
992,15/9-F-15 A,15_9_F_15_A_2008_12_15.pdf,2,5,2385,2457,,,,"Claystone, Tuff and minor Dolomite",2213.4,2328
992,15/9-F-15 A,15_9_F_15_A_2008_12_15.pdf,2,6,2457,2474,,,,Tuffaceous shales and siltstone,2328,2345
993,15/9-F-15 A,15_9_F_15_A_2008_12_16.pdf,2,1,2474,2531,,,,"Shale, tuff and minor dolomite",2345,2391
993,15/9-F-15 A,15_9_F_15_A_2008_12_16.pdf,2,2,2531,2591,,,,"Shale, minor limestone and dolomite, silty bas e",2391,2441
