report_id,wellbore_id,pdf_name,page_number,row_index,Depth to Top of Formation mMD,Depth to Top of Formation mTVD,Description
34,15/9-19 A,15_9_19_A_1997_08_26.pdf,2,1,109,109,Nordland Gp
34,15/9-19 A,15_9_19_A_1997_08_26.pdf,2,2,1112,1059.5,Hordaland Gp
34,15/9-19 A,15_9_19_A_1997_08_26.pdf,2,3,1319,1181.5,Skade Fm
34,15/9-19 A,15_9_19_A_1997_08_26.pdf,2,4,2777.5,2084.5,Grid Fm
34,15/9-19 A,15_9_19_A_1997_08_26.pdf,2,5,2961,2253.5,Balder Fm .
34,15/9-19 A,15_9_19_A_1997_08_26.pdf,2,6,3021,2309,Sele Fm
34,15/9-19 A,15_9_19_A_1997_08_26.pdf,2,7,3101.5,2382.5,Lista Fm
34,15/9-19 A,15_9_19_A_1997_08_26.pdf,2,8,3178,2452.5,Ty Fm
34,15/9-19 A,15_9_19_A_1997_08_26.pdf,2,9,3312.5,2575,Ekofisk Fm
34,15/9-19 A,15_9_19_A_1997_08_26.pdf,2,10,3327.5,2588.5,Tor Fm
34,15/9-19 A,15_9_19_A_1997_08_26.pdf,2,11,3476,2723.5,Hod Fm
34,15/9-19 A,15_9_19_A_1997_08_26.pdf,2,12,3559,2799.5,Blodøks Fm
34,15/9-19 A,15_9_19_A_1997_08_26.pdf,2,13,3572,2811,Hidra Fm
34,15/9-19 A,15_9_19_A_1997_08_26.pdf,2,14,3582,2820.5,Rødby Fm
34,15/9-19 A,15_9_19_A_1997_08_26.pdf,2,15,3597,2834.5,Sola Fm
34,15/9-19 A,15_9_19_A_1997_08_26.pdf,2,16,3605.5,2842,Åsgard Fm
34,15/9-19 A,15_9_19_A_1997_08_26.pdf,2,17,3666.5,2898.5,Draupne Fm
34,15/9-19 A,15_9_19_A_1997_08_26.pdf,2,18,3706,2935,Heather Fm.
34,15/9-19 A,15_9_19_A_1997_08_26.pdf,2,19,3796.5,3015.5,Hugin Fm
34,15/9-19 A,15_9_19_A_1997_08_26.pdf,2,20,3920,3127,Sleipner Fm
34,15/9-19 A,15_9_19_A_1997_08_26.pdf,2,21,3992,3191.5,Skagerak Fm
34,15/9-19 A,15_9_19_A_1997_08_26.pdf,2,22,4097,3287,Smith Bank Fm
34,15/9-19 A,15_9_19_A_1997_08_26.pdf,2,23,851,842.5,Utsira Fm
114,15/9-19 B,15_9_19_B_1997_11_13.pdf,2,1,110,110,Nordland Gp
114,15/9-19 B,15_9_19_B_1997_11_13.pdf,2,2,11,1059.5,Hordaland Gp
114,15/9-19 B,15_9_19_B_1997_11_13.pdf,2,3,1316.5,1181.5,Skade Fm
114,15/9-19 B,15_9_19_B_1997_11_13.pdf,2,4,2781.5,2097.5,Grid Fm
114,15/9-19 B,15_9_19_B_1997_11_13.pdf,2,5,851,842.5,Utsira Fm
116,15/9-19 B,15_9_19_B_1997_11_15.pdf,2,1,2971,2259,Balder Fm .
128,15/9-19 B,15_9_19_B_1997_11_27.pdf,2,1,3039,2315.5,Sele Fm
128,15/9-19 B,15_9_19_B_1997_11_27.pdf,2,2,3122,2385.5,Lista Fm
129,15/9-19 B,15_9_19_B_1997_11_28.pdf,2,1,3208,2457.5,Ty Fm
141,15/9-19 BT2,15_9_19_BT2_1997_12_09.pdf,2,1,1561.5,1497,Kai Fm
141,15/9-19 BT2,15_9_19_BT2_1997_12_09.pdf,2,2,2137.5,1966.1,Brygge Fm
141,15/9-19 BT2,15_9_19_BT2_1997_12_09.pdf,2,3,2445.5,2229,Tare Fm
141,15/9-19 BT2,15_9_19_BT2_1997_12_09.pdf,2,4,2517.5,2295.7,Tang Fm
141,15/9-19 BT2,15_9_19_BT2_1997_12_09.pdf,2,5,2586,2360.1,Springar Fm
141,15/9-19 BT2,15_9_19_BT2_1997_12_09.pdf,2,6,2747,2516.1,Nise Fm
141,15/9-19 BT2,15_9_19_BT2_1997_12_09.pdf,2,7,2941,2708.9,Kvitnos Fm
141,15/9-19 BT2,15_9_19_BT2_1997_12_09.pdf,2,8,330,330,Naust Fm
141,15/9-19 BT2,15_9_19_BT2_1997_12_09.pdf,2,9,3416,3162.2,Lysing Fm
141,15/9-19 BT2,15_9_19_BT2_1997_12_09.pdf,2,10,3458,3200.3,Lange Fm
141,15/9-19 BT2,15_9_19_BT2_1997_12_09.pdf,2,11,4235.5,3777.4,Lyr Fm
141,15/9-19 BT2,15_9_19_BT2_1997_12_09.pdf,2,12,4263.5,3793.7,Spekk Fm
141,15/9-19 BT2,15_9_19_BT2_1997_12_09.pdf,2,13,4373,3857.1,Melke Fm
154,15/9-19 BT2,15_9_19_BT2_1997_12_22.pdf,2,1,3374.5,2601,Ekofisk Fm
154,15/9-19 BT2,15_9_19_BT2_1997_12_22.pdf,2,2,3403,2625.5,Tor Fm
157,15/9-19 BT2,15_9_19_BT2_1997_12_25.pdf,2,1,3557.5,2753.5,Hod Fm
157,15/9-19 BT2,15_9_19_BT2_1997_12_25.pdf,2,2,3654,2833.5,Blodøks Fm
157,15/9-19 BT2,15_9_19_BT2_1997_12_25.pdf,2,3,3676,2852.5,Hidra Fm
157,15/9-19 BT2,15_9_19_BT2_1997_12_25.pdf,2,4,3780,2943.5,Heather Fm.
170,15/9-19 BT2,15_9_19_BT2_1998_01_07.pdf,2,1,3678,2854,Rødby Fm
170,15/9-19 BT2,15_9_19_BT2_1998_01_07.pdf,2,2,3768,2915.5,Draupne Fm
170,15/9-19 BT2,15_9_19_BT2_1998_01_07.pdf,2,3,3995,3136.5,Hugin Fm
394,15/9-F-10,15_9_F_10_2009_04_25.pdf,2,1,1235,2276,Hordaland Gp
397,15/9-F-10,15_9_F_10_2009_04_28.pdf,2,1,2420,2081,Grid Fm
397,15/9-F-10,15_9_F_10_2009_04_28.pdf,2,2,2591,2276.2,Rogaland Gp
406,15/9-F-10,15_9_F_10_2009_05_07.pdf,2,1,2671.5,2333.5,Sele Fm
407,15/9-F-10,15_9_F_10_2009_05_08.pdf,2,1,2888,2480,Heimdal Fm
407,15/9-F-10,15_9_F_10_2009_05_08.pdf,2,2,2899,2487,Ty Fm
409,15/9-F-10,15_9_F_10_2009_05_10.pdf,2,1,3266,2632,Ekofisk Fm
412,15/9-F-10,15_9_F_10_2009_05_13.pdf,2,1,2758,2394.5,Lista Fm
421,15/9-F-10,15_9_F_10_2009_05_22.pdf,2,1,3492.5,2657.6,Tor Fm
427,15/9-F-10,15_9_F_10_2009_05_28.pdf,2,1,4625,2739.8,Hod Fm
432,15/9-F-10,15_9_F_10_2009_06_02.pdf,2,1,4947,2798,Blodøks Fm
432,15/9-F-10,15_9_F_10_2009_06_02.pdf,2,2,5004.8,2826.9,Hidra Fm
432,15/9-F-10,15_9_F_10_2009_06_02.pdf,2,3,5021.1,2837.2,Rødby Fm
432,15/9-F-10,15_9_F_10_2009_06_02.pdf,2,4,5027.6,2841.2,Sola Fm
432,15/9-F-10,15_9_F_10_2009_06_02.pdf,2,5,5031,2843.2,Åsgard Fm
432,15/9-F-10,15_9_F_10_2009_06_02.pdf,2,6,5056.4,2859,Draupne Fm
432,15/9-F-10,15_9_F_10_2009_06_02.pdf,2,7,5204.4,2943.3,Hugin Fm
432,15/9-F-10,15_9_F_10_2009_06_02.pdf,2,8,5261,2976,Smith Bank Fm
438,15/9-F-10,15_9_F_10_2009_06_08.pdf,2,1,1235.1,1199.1,Skade Fm
438,15/9-F-10,15_9_F_10_2009_06_08.pdf,2,2,2591.1,2276.1,Balder Fm.
438,15/9-F-10,15_9_F_10_2009_06_08.pdf,2,3,3266.1,2632.1,Shetland Gp
438,15/9-F-10,15_9_F_10_2009_06_08.pdf,2,4,5065,2859,Viking Gp
438,15/9-F-10,15_9_F_10_2009_06_08.pdf,2,5,5204,2944,Vestland Gp
438,15/9-F-10,15_9_F_10_2009_06_08.pdf,2,6,890,877,Nordland Gp
438,15/9-F-10,15_9_F_10_2009_06_08.pdf,2,7,890.1,877.1,Utsira Fm
464,15/9-F-11 A,15_9_F_11_A_2013_05_15.pdf,2,1,2624,2484,Ty Fm
465,15/9-F-11 A,15_9_F_11_A_2013_05_16.pdf,2,1,2795,2826,Ekofisk Fm
465,15/9-F-11 A,15_9_F_11_A_2013_05_16.pdf,2,2,2820,2625.4,Tor Fm
465,15/9-F-11 A,15_9_F_11_A_2013_05_16.pdf,2,3,3118,2744.4,Hod Fm
468,15/9-F-11 A,15_9_F_11_A_2013_05_20.pdf,2,1,3350,2829,Blodøks Fm
468,15/9-F-11 A,15_9_F_11_A_2013_05_20.pdf,2,2,3398,2858,Hidra Fm
468,15/9-F-11 A,15_9_F_11_A_2013_05_20.pdf,2,3,3428,2878,Rødby Fm
469,15/9-F-11 A,15_9_F_11_A_2013_05_21.pdf,2,1,3474,2909,Åsgard Fm
469,15/9-F-11 A,15_9_F_11_A_2013_05_21.pdf,2,2,3526,2946,Draupne Fm
469,15/9-F-11 A,15_9_F_11_A_2013_05_21.pdf,2,3,3575,2983,Heather Fm.
469,15/9-F-11 A,15_9_F_11_A_2013_05_21.pdf,2,4,3595,2999,Hugin Fm
469,15/9-F-11 A,15_9_F_11_A_2013_05_21.pdf,2,5,3712,3089,Sleipner Fm
481,15/9-F-11 B,15_9_F_11_B_2013_06_01.pdf,2,1,2624,2482,Ty Fm
481,15/9-F-11 B,15_9_F_11_B_2013_06_01.pdf,2,2,2787,2590,Ekofisk Fm
481,15/9-F-11 B,15_9_F_11_B_2013_06_01.pdf,2,3,2823,2608,Tor Fm
481,15/9-F-11 B,15_9_F_11_B_2013_06_01.pdf,2,4,3090,2733,Hod Fm
487,15/9-F-11 B,15_9_F_11_B_2013_06_07.pdf,2,1,3219,2793,Blodøks Fm
487,15/9-F-11 B,15_9_F_11_B_2013_06_07.pdf,2,2,3266,2814.5,Rødby Fm
487,15/9-F-11 B,15_9_F_11_B_2013_06_07.pdf,2,3,3268,2815,Hidra Fm
489,15/9-F-11 B,15_9_F_11_B_2013_06_09.pdf,2,1,3350,2846,Draupne Fm
489,15/9-F-11 B,15_9_F_11_B_2013_06_09.pdf,2,2,3393,2860.3,Heather Fm
489,15/9-F-11 B,15_9_F_11_B_2013_06_09.pdf,2,3,3468,2884.2,Hugin Fm
491,15/9-F-11 B,15_9_F_11_B_2013_06_11.pdf,2,1,3299,2828,Åsgard Fm
493,15/9-F-11 B,15_9_F_11_B_2013_06_13.pdf,2,1,4730,3225.3,Sleipner Fm
575,15/9-F-11 T2,15_9_F_11_T2_2013_03_31.pdf,2,1,1070.7,1064.4,Hordaland Gp
575,15/9-F-11 T2,15_9_F_11_T2_2013_03_31.pdf,2,2,884.8,881.9,Utsira Fm
576,15/9-F-11 T2,15_9_F_11_T2_2013_04_01.pdf,2,1,1240,1224.4,Skade Fm
596,15/9-F-11 T2,15_9_F_11_T2_2013_04_21.pdf,2,1,2221,2119.1,Grid Fm
596,15/9-F-11 T2,15_9_F_11_T2_2013_04_21.pdf,2,2,2373,2266.5,Balder Fm .
596,15/9-F-11 T2,15_9_F_11_T2_2013_04_21.pdf,2,3,2435,2323.8,Sele Fm
596,15/9-F-11 T2,15_9_F_11_T2_2013_04_21.pdf,2,4,2511,2390.6,Lista Fm
604,15/9-F-11 T2,15_9_F_11_T2_2013_04_29.pdf,2,1,2600,2463,Ty Fm
604,15/9-F-11 T2,15_9_F_11_T2_2013_04_29.pdf,2,2,2822,2603.3,Ekofisk Fm
604,15/9-F-11 T2,15_9_F_11_T2_2013_04_29.pdf,2,3,2853,2619,Tor Fm
605,15/9-F-11 T2,15_9_F_11_T2_2013_04_30.pdf,2,1,3327.8,2729.1,Hod Fm
608,15/9-F-11 T2,15_9_F_11_T2_2013_05_03.pdf,2,1,3701,2786.5,Blodøks Fm
608,15/9-F-11 T2,15_9_F_11_T2_2013_05_03.pdf,2,2,3974.3,2897.9,Hidra Fm
608,15/9-F-11 T2,15_9_F_11_T2_2013_05_03.pdf,2,3,3987,2897.9,Rødby Fm
608,15/9-F-11 T2,15_9_F_11_T2_2013_05_03.pdf,2,4,4061.2,2947.5,Åsgard Fm
608,15/9-F-11 T2,15_9_F_11_T2_2013_05_03.pdf,2,5,4147,3004.1,Draupne Fm
610,15/9-F-11 T2,15_9_F_11_T2_2013_05_05.pdf,2,1,4335,3178,Heather Fm
610,15/9-F-11 T2,15_9_F_11_T2_2013_05_05.pdf,2,2,4393,3234,Hugin Fm
635,15/9-F-12,15_9_F_12_2007_06_28.pdf,2,1,146,146,Nordland Gp
635,15/9-F-12,15_9_F_12_2007_06_28.pdf,2,2,882.5,882.5,Utsira Fm
637,15/9-F-12,15_9_F_12_2007_06_30.pdf,2,1,1065,1065,Hordaland Gp
637,15/9-F-12,15_9_F_12_2007_06_30.pdf,2,2,1206,1206,Skade Fm
663,15/9-F-12,15_9_F_12_2007_07_26.pdf,2,1,2155.1,2077.5,Grid Fm
663,15/9-F-12,15_9_F_12_2007_07_26.pdf,2,2,2345.6,2265.1,Balder Fm.
663,15/9-F-12,15_9_F_12_2007_07_26.pdf,2,3,2400.7,2318.8,Sele Fm
664,15/9-F-12,15_9_F_12_2007_07_27.pdf,2,1,2484,2399,Lista Fm
668,15/9-F-12,15_9_F_12_2007_07_31.pdf,2,1,2555,2465,Ty Fm
681,15/9-F-12,15_9_F_12_2007_08_13.pdf,2,1,2690.5,2586.4,Ekofisk Fm
681,15/9-F-12,15_9_F_12_2007_08_13.pdf,2,2,2703.5,2597,Tor Fm
683,15/9-F-12,15_9_F_12_2007_08_15.pdf,2,1,2885,2729.5,Hod Fm
685,15/9-F-12,15_9_F_12_2007_08_17.pdf,2,1,3034,2817.3,Hidra Fm
685,15/9-F-12,15_9_F_12_2007_08_17.pdf,2,2,3050,2826.4,Rødby Fm
685,15/9-F-12,15_9_F_12_2007_08_17.pdf,2,3,3081,2844.4,Mime Fm
685,15/9-F-12,15_9_F_12_2007_08_17.pdf,2,4,3085,2846.7,Åsgard Fm
685,15/9-F-12,15_9_F_12_2007_08_17.pdf,2,5,3102,2856.8,Draupne Fm
691,15/9-F-12,15_9_F_12_2007_08_23.pdf,2,1,3117.2,2865.5,Heather Fm
691,15/9-F-12,15_9_F_12_2007_08_23.pdf,2,2,3126,2870.7,Hugin Fm
692,15/9-F-12,15_9_F_12_2007_08_24.pdf,2,1,3280.5,2962.5,Sleipner Fm
692,15/9-F-12,15_9_F_12_2007_08_24.pdf,2,2,3338,2996.9,Skagerak Fm
801,15/9-F-14,15_9_F_14_2007_12_08.pdf,2,1,882,881.5,Utsira Fm
812,15/9-F-14,15_9_F_14_2008_05_12.pdf,2,1,1207,1206.5,Skade Fm
814,15/9-F-14,15_9_F_14_2008_05_14.pdf,2,1,2137,2136.5,Grid Fm
815,15/9-F-14,15_9_F_14_2008_05_15.pdf,2,1,2268,2267.5,Balder Fm.
823,15/9-F-14,15_9_F_14_2008_05_23.pdf,2,1,2331,2329,Sele Fm
823,15/9-F-14,15_9_F_14_2008_05_23.pdf,2,2,2395,2392,Lista Fm
823,15/9-F-14,15_9_F_14_2008_05_23.pdf,2,3,2472,2466,Ty Fm
823,15/9-F-14,15_9_F_14_2008_05_23.pdf,2,4,2608,2589,Ekofisk Fm
823,15/9-F-14,15_9_F_14_2008_05_23.pdf,2,5,2629,2606,Tor Fm
843,15/9-F-14,15_9_F_14_2008_06_12.pdf,2,1,2868,2788,Blodøks Fm
843,15/9-F-14,15_9_F_14_2008_06_12.pdf,2,2,2903.6,2810.4,Hidra Fm
843,15/9-F-14,15_9_F_14_2008_06_12.pdf,2,3,2913.9,2817.2,Rødby Fm
843,15/9-F-14,15_9_F_14_2008_06_12.pdf,2,4,2926.4,2824.2,Åsgard Fm
843,15/9-F-14,15_9_F_14_2008_06_12.pdf,2,5,2978,2851,Draupne Fm
843,15/9-F-14,15_9_F_14_2008_06_12.pdf,2,6,2991,2856.2,Heather Fm
843,15/9-F-14,15_9_F_14_2008_06_12.pdf,2,7,3000.5,2862.3,Hugin Fm
844,15/9-F-14,15_9_F_14_2008_06_13.pdf,2,1,3208,2925.5,Sleipner Fm
845,15/9-F-14,15_9_F_14_2008_06_14.pdf,2,1,3286.6,2939.1,Hugin Fm
845,15/9-F-14,15_9_F_14_2008_06_14.pdf,2,2,3680,3113.8,Sleipner Fm
940,15/9-F-15,15_9_F_15_2008_09_21.pdf,2,1,1088.8,1074.6,Hordaland Gp
940,15/9-F-15,15_9_F_15_2008_09_21.pdf,2,2,1198.7,1179.4,Skade Fm
940,15/9-F-15,15_9_F_15_2008_09_21.pdf,2,3,848.2,842.4,Utsira Fm
991,15/9-F-15 A,15_9_F_15_A_2008_12_14.pdf,2,1,2205,2099.5,Grid Fm
992,15/9-F-15 A,15_9_F_15_A_2008_12_15.pdf,2,1,2385,2263.2,Balder Fm.
992,15/9-F-15 A,15_9_F_15_A_2008_12_15.pdf,2,2,2457,2328,Sele Fm
992,15/9-F-15 A,15_9_F_15_A_2008_12_15.pdf,2,3,2531,2391,Lista Fm
