report_id,wellbore_id,pdf_name,page_number,row_index,Depth mMD,Depth mTVD,Inclination (dega),Azimuth (dega),Comment
1,15/9-19 A,15_9_19_A_1980_01_01.pdf,1,1,20,1638.3,58.96,281.75,
1,15/9-19 A,15_9_19_A_1980_01_01.pdf,1,2,2210,1643.4,59.98,283.75,
1,15/9-19 A,15_9_19_A_1980_01_01.pdf,1,3,2220,1648.4,59.98,283.75,
1,15/9-19 A,15_9_19_A_1980_01_01.pdf,1,4,2881.1,2175.2,19.62,9.88,
1,15/9-19 A,15_9_19_A_1980_01_01.pdf,1,5,3836.4,3075,19.62,9.88,
7,15/9-19 A,15_9_19_A_1997_07_30.pdf,2,1,2178,1626.9,58.95,281.88,
7,15/9-19 A,15_9_19_A_1997_07_30.pdf,2,2,2289,1691.1,50.3,282.7,
7,15/9-19 A,15_9_19_A_1997_07_30.pdf,2,3,2318,1710.1,48.3,284.3,
7,15/9-19 A,15_9_19_A_1997_07_30.pdf,2,4,2348,1730.5,45.8,286.8,
8,15/9-19 A,15_9_19_A_1997_07_31.pdf,2,1,2377,1751.1,43.9,286.3,
8,15/9-19 A,15_9_19_A_1997_07_31.pdf,2,2,2406,1772.3,42,288.7,
8,15/9-19 A,15_9_19_A_1997_07_31.pdf,2,3,2435,1794.1,40.5,289.1,
8,15/9-19 A,15_9_19_A_1997_07_31.pdf,2,4,2464,1816.5,38.5,291.7,
8,15/9-19 A,15_9_19_A_1997_07_31.pdf,2,5,2493,1839.4,36.7,293.5,
8,15/9-19 A,15_9_19_A_1997_07_31.pdf,2,6,2521,1862,36,294.5,
8,15/9-19 A,15_9_19_A_1997_07_31.pdf,2,7,2550,1885.6,34.9,297.3,
8,15/9-19 A,15_9_19_A_1997_07_31.pdf,2,8,2579,1909.7,32.7,299.4,
8,15/9-19 A,15_9_19_A_1997_07_31.pdf,2,9,2608,1934.4,30.8,301,
8,15/9-19 A,15_9_19_A_1997_07_31.pdf,2,10,2636,1958.6,29.6,304.7,
8,15/9-19 A,15_9_19_A_1997_07_31.pdf,2,11,2665,1983.9,28.9,309.1,
8,15/9-19 A,15_9_19_A_1997_07_31.pdf,2,12,2694,2009.4,27.7,311.9,
8,15/9-19 A,15_9_19_A_1997_07_31.pdf,2,13,2724,2036.1,26.7,317,
9,15/9-19 A,15_9_19_A_1997_08_01.pdf,2,1,2752,2061.2,26.1,319.9,
12,15/9-19 A,15_9_19_A_1997_08_04.pdf,2,1,2781,2087.7,25.3,322.1,
12,15/9-19 A,15_9_19_A_1997_08_04.pdf,2,2,2810,2113.9,25.5,328.3,
12,15/9-19 A,15_9_19_A_1997_08_04.pdf,2,3,2839,2140.3,24.1,336.2,
12,15/9-19 A,15_9_19_A_1997_08_04.pdf,2,4,2867,2165.9,23.4,341,
12,15/9-19 A,15_9_19_A_1997_08_04.pdf,2,5,2896,2192.7,21.6,348.1,
12,15/9-19 A,15_9_19_A_1997_08_04.pdf,2,6,2924,2218.8,20.9,354.2,
12,15/9-19 A,15_9_19_A_1997_08_04.pdf,2,7,2953,2245.9,20.7,2.3,
12,15/9-19 A,15_9_19_A_1997_08_04.pdf,2,8,2982,2273,21.4,11.7,
12,15/9-19 A,15_9_19_A_1997_08_04.pdf,2,9,3011,2299.8,23.1,15,
13,15/9-19 A,15_9_19_A_1997_08_05.pdf,2,1,3040,2326.4,23.9,16.8,
14,15/9-19 A,15_9_19_A_1997_08_06.pdf,2,1,3070,2353.8,24.5,17.8,
14,15/9-19 A,15_9_19_A_1997_08_06.pdf,2,2,3100,2381.1,24,17.6,
14,15/9-19 A,15_9_19_A_1997_08_06.pdf,2,3,3129,2407.6,23.9,15.9,
14,15/9-19 A,15_9_19_A_1997_08_06.pdf,2,4,3158,2434.2,23.6,17.1,
14,15/9-19 A,15_9_19_A_1997_08_06.pdf,2,5,3187,2460.7,23.8,17.3,
14,15/9-19 A,15_9_19_A_1997_08_06.pdf,2,6,3216,2487.2,24,15.7,
14,15/9-19 A,15_9_19_A_1997_08_06.pdf,2,7,3245,2513.7,24.4,15.2,
14,15/9-19 A,15_9_19_A_1997_08_06.pdf,2,8,3274,2540.1,24.6,15.3,
14,15/9-19 A,15_9_19_A_1997_08_06.pdf,2,9,3303,2566.4,24.8,14.8,
14,15/9-19 A,15_9_19_A_1997_08_06.pdf,2,10,3331,2591.9,24.7,15,
14,15/9-19 A,15_9_19_A_1997_08_06.pdf,2,11,3360,2618.2,25,13.5,
15,15/9-19 A,15_9_19_A_1997_08_07.pdf,2,1,3389,2644.5,24.8,13.3,
15,15/9-19 A,15_9_19_A_1997_08_07.pdf,2,2,3418,2670.8,24.7,13.7,
15,15/9-19 A,15_9_19_A_1997_08_07.pdf,2,3,3447,2697.1,24.8,12.9,
15,15/9-19 A,15_9_19_A_1997_08_07.pdf,2,4,3477,2724.4,24.7,13.4,
15,15/9-19 A,15_9_19_A_1997_08_07.pdf,2,5,3505,2749.9,24.2,13.8,
15,15/9-19 A,15_9_19_A_1997_08_07.pdf,2,6,3533,2775.5,23.7,12.4,
15,15/9-19 A,15_9_19_A_1997_08_07.pdf,2,7,3562,2802.1,23.4,11.1,
16,15/9-19 A,15_9_19_A_1997_08_08.pdf,2,1,3592,2829.7,22.3,11.6,
16,15/9-19 A,15_9_19_A_1997_08_08.pdf,2,2,3604,2840.8,21.9,9.9,
18,15/9-19 A,15_9_19_A_1997_08_10.pdf,2,1,3632,2866.9,20.7,9.1,
18,15/9-19 A,15_9_19_A_1997_08_10.pdf,2,2,3657,2890.1,24,18.2,
18,15/9-19 A,15_9_19_A_1997_08_10.pdf,2,3,3678,2909.3,23.4,23.5,
18,15/9-19 A,15_9_19_A_1997_08_10.pdf,2,4,3707,2935.7,25,28.3,
18,15/9-19 A,15_9_19_A_1997_08_10.pdf,2,5,3721,2948.3,26.6,30.2,
18,15/9-19 A,15_9_19_A_1997_08_10.pdf,2,6,3736,2961.7,26.8,31.2,
18,15/9-19 A,15_9_19_A_1997_08_10.pdf,2,7,3765,2987.6,26.8,33.1,
19,15/9-19 A,15_9_19_A_1997_08_11.pdf,2,1,3794,3013.4,27.5,34.6,
29,15/9-19 A,15_9_19_A_1997_08_21.pdf,2,1,3823,3039.3,26.1,34.2,
29,15/9-19 A,15_9_19_A_1997_08_21.pdf,2,2,3852,3065.4,25.5,34.7,
29,15/9-19 A,15_9_19_A_1997_08_21.pdf,2,3,3882,3092.5,25.6,33.3,
29,15/9-19 A,15_9_19_A_1997_08_21.pdf,2,4,3911,3118.6,25.6,33.8,
29,15/9-19 A,15_9_19_A_1997_08_21.pdf,2,5,3939,3143.9,25.7,33.9,
29,15/9-19 A,15_9_19_A_1997_08_21.pdf,2,6,3968,3170,25.9,32.9,
29,15/9-19 A,15_9_19_A_1997_08_21.pdf,2,7,3997,3196.1,25.9,32.5,
29,15/9-19 A,15_9_19_A_1997_08_21.pdf,2,8,4025,3221.3,25.6,32.2,
30,15/9-19 A,15_9_19_A_1997_08_22.pdf,2,1,4084,3275.2,22.5,29.6,
30,15/9-19 A,15_9_19_A_1997_08_22.pdf,2,2,4111,3300.2,21.6,27.9,
112,15/9-19 B,15_9_19_B_1997_11_11.pdf,2,1,2253,1668,55.4,285.4,
113,15/9-19 B,15_9_19_B_1997_11_12.pdf,2,1,2321,1713.9,52,282.1,
114,15/9-19 B,15_9_19_B_1997_11_13.pdf,2,1,2328,1725.7,49.8,279.9,
114,15/9-19 B,15_9_19_B_1997_11_13.pdf,2,2,2378,1746,45.1,273.8,
114,15/9-19 B,15_9_19_B_1997_11_13.pdf,2,3,2406,1766.5,40.8,271.7,
114,15/9-19 B,15_9_19_B_1997_11_13.pdf,2,4,2435,1788.8,38.5,267.5,
114,15/9-19 B,15_9_19_B_1997_11_13.pdf,2,5,2464,1812,35.7,263.9,
114,15/9-19 B,15_9_19_B_1997_11_13.pdf,2,6,2493,1836,32.6,258.4,
114,15/9-19 B,15_9_19_B_1997_11_13.pdf,2,7,2521,1859.9,30.3,252.1,
114,15/9-19 B,15_9_19_B_1997_11_13.pdf,2,8,2551,1886,28.6,243.8,
114,15/9-19 B,15_9_19_B_1997_11_13.pdf,2,9,2579,1910.9,26.1,236.3,
114,15/9-19 B,15_9_19_B_1997_11_13.pdf,2,10,2608,1937.2,23.4,230.3,
114,15/9-19 B,15_9_19_B_1997_11_13.pdf,2,11,2637,1964,2,222.3,
114,15/9-19 B,15_9_19_B_1997_11_13.pdf,2,12,2666,1990.9,21.8,213,
114,15/9-19 B,15_9_19_B_1997_11_13.pdf,2,13,2694,2016.9,21.2,202,
114,15/9-19 B,15_9_19_B_1997_11_13.pdf,2,14,2724,2044.9,21.7,192.3,
114,15/9-19 B,15_9_19_B_1997_11_13.pdf,2,15,2753,2071.7,23.3,183.5,
114,15/9-19 B,15_9_19_B_1997_11_13.pdf,2,16,2782,2098,25.9,177.2,
115,15/9-19 B,15_9_19_B_1997_11_14.pdf,2,1,2810,2122.8,28.8,167.5,
116,15/9-19 B,15_9_19_B_1997_11_15.pdf,2,1,2838,2147.2,29.7,165,
116,15/9-19 B,15_9_19_B_1997_11_15.pdf,2,2,2868,2172.9,32.3,160.4,
116,15/9-19 B,15_9_19_B_1997_11_15.pdf,2,3,2897,2197.3,33.6,157.4,
116,15/9-19 B,15_9_19_B_1997_11_15.pdf,2,4,2926,2221.4,33.5,156.7,
116,15/9-19 B,15_9_19_B_1997_11_15.pdf,2,5,2955,2245.6,33.5,157.4,
116,15/9-19 B,15_9_19_B_1997_11_15.pdf,2,6,2984,2269.8,33.4,158.2,
128,15/9-19 B,15_9_19_B_1997_11_27.pdf,2,1,3043,2319.1,33.4,158.2,
128,15/9-19 B,15_9_19_B_1997_11_27.pdf,2,2,3071,2342.5,32.9,158.2,
128,15/9-19 B,15_9_19_B_1997_11_27.pdf,2,3,3099,2366,32.9,158.4,
128,15/9-19 B,15_9_19_B_1997_11_27.pdf,2,4,3128,2390.4,33.1,158.5,
128,15/9-19 B,15_9_19_B_1997_11_27.pdf,2,5,3157,2414.7,33.1,159,
128,15/9-19 B,15_9_19_B_1997_11_27.pdf,2,6,3186,2439,32.9,158.7,
129,15/9-19 B,15_9_19_B_1997_11_28.pdf,2,1,3215,2463.3,32.9,158.8,
129,15/9-19 B,15_9_19_B_1997_11_28.pdf,2,2,3244,2487.6,33.1,158.8,
137,15/9-19 B,15_9_19_B_1997_12_06.pdf,2,1,2916,2213,34.4,157,
137,15/9-19 B,15_9_19_B_1997_12_06.pdf,2,2,2945,2237,34.4,151.4,
137,15/9-19 B,15_9_19_B_1997_12_06.pdf,2,3,2975,2261.7,34.3,151.3,
137,15/9-19 B,15_9_19_B_1997_12_06.pdf,2,4,3000,2282.4,34.1,147.8,
139,15/9-19 BT2,15_9_19_BT2_1997_12_07.pdf,2,1,3029,2306.4,34.4,148,
139,15/9-19 BT2,15_9_19_BT2_1997_12_07.pdf,2,2,3061,2332.9,33.8,149.1,
139,15/9-19 BT2,15_9_19_BT2_1997_12_07.pdf,2,3,3090,2357.3,31.5,158.2,
139,15/9-19 BT2,15_9_19_BT2_1997_12_07.pdf,2,4,3119,2382.1,31.4,161.3,
140,15/9-19 BT2,15_9_19_BT2_1997_12_08.pdf,2,1,3148,2406.8,31.6,160.1,
140,15/9-19 BT2,15_9_19_BT2_1997_12_08.pdf,2,2,3177,2431.5,31.4,160.9,
140,15/9-19 BT2,15_9_19_BT2_1997_12_08.pdf,2,3,3203,2453.7,31.1,159.6,
151,15/9-19 BT2,15_9_19_BT2_1997_12_19.pdf,2,1,3262,2505,31.9,156.7,
151,15/9-19 BT2,15_9_19_BT2_1997_12_19.pdf,2,2,3292,2529.4,31.9,155.5,
151,15/9-19 BT2,15_9_19_BT2_1997_12_19.pdf,2,3,3321,2554.3,30.1,153.3,
152,15/9-19 BT2,15_9_19_BT2_1997_12_20.pdf,2,1,33,2564.7,29.8,152.1,
153,15/9-19 BT2,15_9_19_BT2_1997_12_21.pdf,2,1,3352,2581.2,29.3,151.9,
153,15/9-19 BT2,15_9_19_BT2_1997_12_21.pdf,2,2,3381,2606.5,29.3,149.5,
154,15/9-19 BT2,15_9_19_BT2_1997_12_22.pdf,2,1,3410,2631.6,31.1,148.3,
154,15/9-19 BT2,15_9_19_BT2_1997_12_22.pdf,2,2,3439,2656.2,32.8,148.7,
155,15/9-19 BT2,15_9_19_BT2_1997_12_23.pdf,2,1,3466,2678.7,34.2,149.1,
155,15/9-19 BT2,15_9_19_BT2_1997_12_23.pdf,2,2,3491,2699.2,35.7,149.7,
156,15/9-19 BT2,15_9_19_BT2_1997_12_24.pdf,2,1,3496,2703.3,35.8,149.6,
156,15/9-19 BT2,15_9_19_BT2_1997_12_24.pdf,2,2,3528,2729.1,36.5,149.9,
156,15/9-19 BT2,15_9_19_BT2_1997_12_24.pdf,2,3,3553,2749.3,35.7,148.4,
156,15/9-19 BT2,15_9_19_BT2_1997_12_24.pdf,2,4,3582,2773,34.7,146.9,
158,15/9-19 BT2,15_9_19_BT2_1997_12_26.pdf,2,1,3610,2796.3,32.6,148.1,
158,15/9-19 BT2,15_9_19_BT2_1997_12_26.pdf,2,2,3636,2818.3,31.9,159,
160,15/9-19 BT2,15_9_19_BT2_1997_12_28.pdf,2,1,3668,2845.6,31.5,159.9,
161,15/9-19 BT2,15_9_19_BT2_1997_12_29.pdf,2,1,3698,2871.4,29.7,159.1,
162,15/9-19 BT2,15_9_19_BT2_1997_12_30.pdf,2,1,3698,2871.4,29.7,159.1,
162,15/9-19 BT2,15_9_19_BT2_1997_12_30.pdf,2,2,3726,2895.9,28,158,
162,15/9-19 BT2,15_9_19_BT2_1997_12_30.pdf,2,3,3755,2921.5,27.6,158.4,
162,15/9-19 BT2,15_9_19_BT2_1997_12_30.pdf,2,4,3783,2946.4,27.2,158.5,
162,15/9-19 BT2,15_9_19_BT2_1997_12_30.pdf,2,5,3814,2974,27,158.2,
162,15/9-19 BT2,15_9_19_BT2_1997_12_30.pdf,2,6,3843,2999.9,26.8,157.9,
162,15/9-19 BT2,15_9_19_BT2_1997_12_30.pdf,2,7,3872,3025.8,26.4,157.2,
162,15/9-19 BT2,15_9_19_BT2_1997_12_30.pdf,2,8,3900,3050.9,26,157.2,
163,15/9-19 BT2,15_9_19_BT2_1997_12_31.pdf,2,1,3929,3077,26,156.7,
163,15/9-19 BT2,15_9_19_BT2_1997_12_31.pdf,2,2,3957,3102.2,25.7,156.2,
172,15/9-19 BT2,15_9_19_BT2_1998_01_09.pdf,2,1,3987,3129.2,25.5,156.2,
172,15/9-19 BT2,15_9_19_BT2_1998_01_09.pdf,2,2,4015,3154.6,25,156.5,
172,15/9-19 BT2,15_9_19_BT2_1998_01_09.pdf,2,3,4044,3180.8,25.2,156,
172,15/9-19 BT2,15_9_19_BT2_1998_01_09.pdf,2,4,4073,3206.9,26.4,155.2,
172,15/9-19 BT2,15_9_19_BT2_1998_01_09.pdf,2,5,4102,3232.7,28.1,154.3,
173,15/9-19 BT2,15_9_19_BT2_1998_01_10.pdf,2,1,4140,3265.9,30,154.1,
173,15/9-19 BT2,15_9_19_BT2_1998_01_10.pdf,2,2,4170,3291.8,30.9,154,
173,15/9-19 BT2,15_9_19_BT2_1998_01_10.pdf,2,3,4197,3314.9,31.2,152.9,
173,15/9-19 BT2,15_9_19_BT2_1998_01_10.pdf,2,4,4226,3339.7,31.5,152.8,
209,15/9-19 S,15_9_19_S_1992_09_18.pdf,1,1,106,-999.99,-999.99,-999.99,
209,15/9-19 S,15_9_19_S_1992_09_18.pdf,1,2,120.4,-999.99,.2,96.18,
209,15/9-19 S,15_9_19_S_1992_09_18.pdf,1,3,136.1,-999.99,.2,31.13,
209,15/9-19 S,15_9_19_S_1992_09_18.pdf,1,4,163.1,-999.99,.1,333.63,
210,15/9-19 S,15_9_19_S_1992_09_19.pdf,2,1,192.9,-999.99,.15,170.16,
210,15/9-19 S,15_9_19_S_1992_09_19.pdf,2,2,218.9,-999.99,.27,224.85,
210,15/9-19 S,15_9_19_S_1992_09_19.pdf,2,3,247.9,-999.99,.18,302.43,
210,15/9-19 S,15_9_19_S_1992_09_19.pdf,2,4,276.9,-999.99,.29,255.44,
210,15/9-19 S,15_9_19_S_1992_09_19.pdf,2,5,305.6,-999.99,.54,283.64,
210,15/9-19 S,15_9_19_S_1992_09_19.pdf,2,6,334.5,-999.99,.66,256.57,
210,15/9-19 S,15_9_19_S_1992_09_19.pdf,2,7,364,-999.99,.52,243.84,
210,15/9-19 S,15_9_19_S_1992_09_19.pdf,2,8,394.3,-999.99,.55,249.96,
210,15/9-19 S,15_9_19_S_1992_09_19.pdf,2,9,421.3,-999.99,.36,216.89,
210,15/9-19 S,15_9_19_S_1992_09_19.pdf,2,10,452.1,-999.99,.33,242.59,
210,15/9-19 S,15_9_19_S_1992_09_19.pdf,2,11,482.2,-999.99,.57,195.38,
210,15/9-19 S,15_9_19_S_1992_09_19.pdf,2,12,509.2,-999.99,.48,216.46,
210,15/9-19 S,15_9_19_S_1992_09_19.pdf,2,13,536.6,-999.99,.52,179.29,
213,15/9-19 S,15_9_19_S_1992_09_22.pdf,2,1,198.5,-999.99,.4,327.39,
213,15/9-19 S,15_9_19_S_1992_09_22.pdf,2,2,228,-999.99,.47,279.37,
213,15/9-19 S,15_9_19_S_1992_09_22.pdf,2,3,258.2,-999.99,.18,43.83,
214,15/9-19 S,15_9_19_S_1992_09_23.pdf,2,1,286.2,-999.99,.63,269.35,
214,15/9-19 S,15_9_19_S_1992_09_23.pdf,2,2,315.5,-999.99,.52,315.34,
214,15/9-19 S,15_9_19_S_1992_09_23.pdf,2,3,345.8,-999.99,.84,277.36,
214,15/9-19 S,15_9_19_S_1992_09_23.pdf,2,4,372.9,-999.99,.66,233.82,
214,15/9-19 S,15_9_19_S_1992_09_23.pdf,2,5,400.1,-999.99,.27,261.28,
214,15/9-19 S,15_9_19_S_1992_09_23.pdf,2,6,429.4,-999.99,.71,227.33,
214,15/9-19 S,15_9_19_S_1992_09_23.pdf,2,7,458.4,-999.99,.7,194.52,
214,15/9-19 S,15_9_19_S_1992_09_23.pdf,2,8,487.1,-999.99,.72,258.85,
214,15/9-19 S,15_9_19_S_1992_09_23.pdf,2,9,516.4,-999.99,.4,248.4,
214,15/9-19 S,15_9_19_S_1992_09_23.pdf,2,10,533.2,-999.99,.79,216.56,
222,15/9-19 S,15_9_19_S_1992_11_23.pdf,2,1,533.2,533.2,.79,216.56,
222,15/9-19 S,15_9_19_S_1992_11_23.pdf,2,2,541.5,541.5,.2,159.5,
222,15/9-19 S,15_9_19_S_1992_11_23.pdf,2,3,554.3,554.3,.5,238.7,
222,15/9-19 S,15_9_19_S_1992_11_23.pdf,2,4,583.1,583.1,2,279.1,
222,15/9-19 S,15_9_19_S_1992_11_23.pdf,2,5,612.5,612.4,4.7,289.4,
222,15/9-19 S,15_9_19_S_1992_11_23.pdf,2,6,641.7,641.5,6.7,288.5,
222,15/9-19 S,15_9_19_S_1992_11_23.pdf,2,7,671.9,671.4,9.1,287.1,
222,15/9-19 S,15_9_19_S_1992_11_23.pdf,2,8,701.8,700.8,11.2,290,
222,15/9-19 S,15_9_19_S_1992_11_23.pdf,2,9,731.2,729.5,13.4,285.6,
223,15/9-19 S,15_9_19_S_1992_11_24.pdf,2,1,1027,994.3,36.7,283.7,
223,15/9-19 S,15_9_19_S_1992_11_24.pdf,2,2,1055.6,1016.9,38.5,285.51,
223,15/9-19 S,15_9_19_S_1992_11_24.pdf,2,3,1084.1,1038.7,41.9,283.62,
223,15/9-19 S,15_9_19_S_1992_11_24.pdf,2,4,761.8,759.1,17.1,288.7,
223,15/9-19 S,15_9_19_S_1992_11_24.pdf,2,5,790.6,786.4,20,288.8,
223,15/9-19 S,15_9_19_S_1992_11_24.pdf,2,6,819.9,813.7,22.5,288.6,
223,15/9-19 S,15_9_19_S_1992_11_24.pdf,2,7,848.5,839.9,24.5,287.7,
223,15/9-19 S,15_9_19_S_1992_11_24.pdf,2,8,878.5,867.1,25.6,289,
223,15/9-19 S,15_9_19_S_1992_11_24.pdf,2,9,908.5,893.8,28.1,287.2,
223,15/9-19 S,15_9_19_S_1992_11_24.pdf,2,10,937.3,918.9,30.6,287.1,
223,15/9-19 S,15_9_19_S_1992_11_24.pdf,2,11,966.6,944,31.6,287.1,
223,15/9-19 S,15_9_19_S_1992_11_24.pdf,2,12,996.2,969,33.2,284.77,
224,15/9-19 S,15_9_19_S_1992_11_25.pdf,2,1,1112.8,1059.7,44.2,285.9,
224,15/9-19 S,15_9_19_S_1992_11_25.pdf,2,2,1141.9,1079.9,47.5,285.36,
224,15/9-19 S,15_9_19_S_1992_11_25.pdf,2,3,1171.4,1099.2,50.8,285,
224,15/9-19 S,15_9_19_S_1992_11_25.pdf,2,4,1200.7,1117.2,53.7,286.1,
224,15/9-19 S,15_9_19_S_1992_11_25.pdf,2,5,1230.3,1134,56.7,286.5,
224,15/9-19 S,15_9_19_S_1992_11_25.pdf,2,6,1259.7,1150,57.7,286,
224,15/9-19 S,15_9_19_S_1992_11_25.pdf,2,7,1288.8,1165.3,58.7,285.7,
224,15/9-19 S,15_9_19_S_1992_11_25.pdf,2,8,1317,1179.9,59.1,285,
224,15/9-19 S,15_9_19_S_1992_11_25.pdf,2,9,1347.4,1195.8,57.9,285.3,
224,15/9-19 S,15_9_19_S_1992_11_25.pdf,2,10,1376,1211.3,56.4,285.3,
224,15/9-19 S,15_9_19_S_1992_11_25.pdf,2,11,1406,1228,55.8,286.1,
224,15/9-19 S,15_9_19_S_1992_11_25.pdf,2,12,1435.9,1244.4,57.5,285.6,
225,15/9-19 S,15_9_19_S_1992_11_26.pdf,2,1,1467,1260.9,58.7,285.6,
229,15/9-19 S,15_9_19_S_1992_11_30.pdf,2,1,1500.2,1279.2,60,283.3,
229,15/9-19 S,15_9_19_S_1992_11_30.pdf,2,2,1529.7,1293.8,60.3,284.1,
229,15/9-19 S,15_9_19_S_1992_11_30.pdf,2,3,1558.5,1308.1,60.5,283,
229,15/9-19 S,15_9_19_S_1992_11_30.pdf,2,4,1587,1322.2,60.1,283.8,
229,15/9-19 S,15_9_19_S_1992_11_30.pdf,2,5,1614.9,1336.2,59.5,283.9,
229,15/9-19 S,15_9_19_S_1992_11_30.pdf,2,6,1645.3,1351.6,59.9,284.8,
229,15/9-19 S,15_9_19_S_1992_11_30.pdf,2,7,1672.9,1365.4,59.7,282.3,
229,15/9-19 S,15_9_19_S_1992_11_30.pdf,2,8,1702.4,1380.6,58.3,281.7,
230,15/9-19 S,15_9_19_S_1992_12_01.pdf,2,1,1729.3,1394.7,58.5,284.2,
230,15/9-19 S,15_9_19_S_1992_12_01.pdf,2,2,1759.3,1410.4,58.5,282.5,
230,15/9-19 S,15_9_19_S_1992_12_01.pdf,2,3,1788.6,1425.7,58.5,284,
230,15/9-19 S,15_9_19_S_1992_12_01.pdf,2,4,1818.2,1441.2,58.6,282.6,
230,15/9-19 S,15_9_19_S_1992_12_01.pdf,2,5,1847.3,1456.4,58.3,282.1,
230,15/9-19 S,15_9_19_S_1992_12_01.pdf,2,6,1874.9,1470.9,58.1,283,
230,15/9-19 S,15_9_19_S_1992_12_01.pdf,2,7,1903.5,1486.2,57.5,282.9,
230,15/9-19 S,15_9_19_S_1992_12_01.pdf,2,8,1932.1,1501.5,57.7,283.7,
230,15/9-19 S,15_9_19_S_1992_12_01.pdf,2,9,1961.3,1517.1,57.5,282.7,
230,15/9-19 S,15_9_19_S_1992_12_01.pdf,2,10,1990.6,1532.9,57.6,282.8,
231,15/9-19 S,15_9_19_S_1992_12_02.pdf,2,1,2017.6,1547.4,57.5,284,
231,15/9-19 S,15_9_19_S_1992_12_02.pdf,2,2,2047.7,1563.6,57.4,283.2,
231,15/9-19 S,15_9_19_S_1992_12_02.pdf,2,3,2076.4,1579,57.6,283.4,
231,15/9-19 S,15_9_19_S_1992_12_02.pdf,2,4,2105.9,1594.8,57.3,285,
231,15/9-19 S,15_9_19_S_1992_12_02.pdf,2,5,2134.7,1610.3,58,283.8,
232,15/9-19 S,15_9_19_S_1992_12_03.pdf,2,1,2164,1625.6,58.8,284.3,
232,15/9-19 S,15_9_19_S_1992_12_03.pdf,2,2,2193.1,1640.7,58.7,283.9,
232,15/9-19 S,15_9_19_S_1992_12_03.pdf,2,3,22,1655.7,58.9,282.4,
232,15/9-19 S,15_9_19_S_1992_12_03.pdf,2,4,2250,1670.2,58.8,284.3,
232,15/9-19 S,15_9_19_S_1992_12_03.pdf,2,5,2278.7,1685,58.8,284.2,
232,15/9-19 S,15_9_19_S_1992_12_03.pdf,2,6,2306.6,1699.5,58.8,283.5,
232,15/9-19 S,15_9_19_S_1992_12_03.pdf,2,7,2335.6,1714.5,58.9,284.1,
232,15/9-19 S,15_9_19_S_1992_12_03.pdf,2,8,2364,1729.2,58.9,283.5,
232,15/9-19 S,15_9_19_S_1992_12_03.pdf,2,9,2392.7,1744,58.9,283.6,
232,15/9-19 S,15_9_19_S_1992_12_03.pdf,2,10,2421.6,1758.9,58.9,283,
232,15/9-19 S,15_9_19_S_1992_12_03.pdf,2,11,2450.9,1774.1,58.8,284.2,
232,15/9-19 S,15_9_19_S_1992_12_03.pdf,2,12,2481.4,1789.8,58.8,283.3,
232,15/9-19 S,15_9_19_S_1992_12_03.pdf,2,13,2510.9,1805.1,58.8,284.1,
233,15/9-19 S,15_9_19_S_1992_12_04.pdf,2,1,2538,1819.2,58.9,284.3,
233,15/9-19 S,15_9_19_S_1992_12_04.pdf,2,2,2566,1833.6,59,284.5,
233,15/9-19 S,15_9_19_S_1992_12_04.pdf,2,3,2594,1848,58.9,284.1,
234,15/9-19 S,15_9_19_S_1992_12_05.pdf,2,1,2623.9,1863.5,58.9,283.4,
234,15/9-19 S,15_9_19_S_1992_12_05.pdf,2,2,2652.8,1878.4,58.9,284.1,
234,15/9-19 S,15_9_19_S_1992_12_05.pdf,2,3,2681.6,1893.5,58,282.3,
234,15/9-19 S,15_9_19_S_1992_12_05.pdf,2,4,2710.6,1909,57.4,282.8,
234,15/9-19 S,15_9_19_S_1992_12_05.pdf,2,5,2740.1,1924.8,57.6,282.4,
234,15/9-19 S,15_9_19_S_1992_12_05.pdf,2,6,2768.8,1940.2,57.6,282.4,
234,15/9-19 S,15_9_19_S_1992_12_05.pdf,2,7,2797.6,1955.6,57.7,280.8,
234,15/9-19 S,15_9_19_S_1992_12_05.pdf,2,8,2826.5,1971,57.8,282.9,
234,15/9-19 S,15_9_19_S_1992_12_05.pdf,2,9,2854.9,1986.2,57.8,282.9,
234,15/9-19 S,15_9_19_S_1992_12_05.pdf,2,10,2883.7,2001.5,57.9,282.8,
234,15/9-19 S,15_9_19_S_1992_12_05.pdf,2,11,2911.8,2016.4,58,282.3,
234,15/9-19 S,15_9_19_S_1992_12_05.pdf,2,12,2940.4,2031.6,57.9,280.9,
234,15/9-19 S,15_9_19_S_1992_12_05.pdf,2,13,2968.9,2046.8,57.7,281.4,
236,15/9-19 S,15_9_19_S_1992_12_07.pdf,2,1,2996.2,2061.4,57.8,282.5,
236,15/9-19 S,15_9_19_S_1992_12_07.pdf,2,2,3026.6,2077.5,58.2,281.8,
236,15/9-19 S,15_9_19_S_1992_12_07.pdf,2,3,3055.8,2092.9,57.8,283.4,
237,15/9-19 S,15_9_19_S_1992_12_08.pdf,2,1,3084.6,2108.2,58,282.4,
237,15/9-19 S,15_9_19_S_1992_12_08.pdf,2,2,3111.8,2122.6,58.2,282.5,
237,15/9-19 S,15_9_19_S_1992_12_08.pdf,2,3,3141,2138,58.3,284.8,
237,15/9-19 S,15_9_19_S_1992_12_08.pdf,2,4,3171.2,2153.9,58,285.5,
237,15/9-19 S,15_9_19_S_1992_12_08.pdf,2,5,3201.5,2170.1,57.5,284.3,
237,15/9-19 S,15_9_19_S_1992_12_08.pdf,2,6,3230,2185.5,57.2,284.3,
237,15/9-19 S,15_9_19_S_1992_12_08.pdf,2,7,3258.8,2201,57.5,285.3,
238,15/9-19 S,15_9_19_S_1992_12_09.pdf,2,1,3285,2215.1,57.2,285.7,
238,15/9-19 S,15_9_19_S_1992_12_09.pdf,2,2,3316,2232.1,56.6,283.8,
248,15/9-19 S,15_9_19_S_1992_12_19.pdf,2,1,1500,1280.4,58.4,284.6,
248,15/9-19 S,15_9_19_S_1992_12_19.pdf,2,2,1530,1296.1,58.1,287.3,
248,15/9-19 S,15_9_19_S_1992_12_19.pdf,2,3,1559,1311.2,59.2,289.2,
250,15/9-19 ST2,15_9_19_ST2_1992_12_20.pdf,2,1,1588,1325.8,60.6,294.6,
250,15/9-19 ST2,15_9_19_ST2_1992_12_20.pdf,2,2,1619.6,1341.2,61.1,298.4,
251,15/9-19 ST2,15_9_19_ST2_1992_12_21.pdf,2,1,1644.2,1353.1,60.9,297.8,
251,15/9-19 ST2,15_9_19_ST2_1992_12_21.pdf,2,2,1675,1368.5,59.2,294.8,
251,15/9-19 ST2,15_9_19_ST2_1992_12_21.pdf,2,3,1701.8,1382.1,59.7,292.1,
251,15/9-19 ST2,15_9_19_ST2_1992_12_21.pdf,2,4,1729.7,1396.2,59.5,291,
251,15/9-19 ST2,15_9_19_ST2_1992_12_21.pdf,2,5,1758.8,1411.1,59.1,288.5,
251,15/9-19 ST2,15_9_19_ST2_1992_12_21.pdf,2,6,1786.6,1425.4,58.9,287.1,
251,15/9-19 ST2,15_9_19_ST2_1992_12_21.pdf,2,7,1817,1441.1,58.8,285.3,
251,15/9-19 ST2,15_9_19_ST2_1992_12_21.pdf,2,8,1846.6,1456.5,58.6,284.3,
251,15/9-19 ST2,15_9_19_ST2_1992_12_21.pdf,2,9,1876.7,1472.2,58.6,284.1,
251,15/9-19 ST2,15_9_19_ST2_1992_12_21.pdf,2,10,1902.9,1485.8,58.9,284,
252,15/9-19 ST2,15_9_19_ST2_1992_12_22.pdf,2,1,1935.1,1502.5,58.6,283.2,
252,15/9-19 ST2,15_9_19_ST2_1992_12_22.pdf,2,2,1963.7,1517.4,58.6,282.5,
252,15/9-19 ST2,15_9_19_ST2_1992_12_22.pdf,2,3,1992.2,1532.2,58.6,281.7,
252,15/9-19 ST2,15_9_19_ST2_1992_12_22.pdf,2,4,2021.4,1547.5,58.5,285.2,
252,15/9-19 ST2,15_9_19_ST2_1992_12_22.pdf,2,5,2050.2,1562.5,58.7,285,
252,15/9-19 ST2,15_9_19_ST2_1992_12_22.pdf,2,6,2077.8,1576.8,58.7,285.5,
252,15/9-19 ST2,15_9_19_ST2_1992_12_22.pdf,2,7,2107.5,1592.2,58.9,285.1,
252,15/9-19 ST2,15_9_19_ST2_1992_12_22.pdf,2,8,2133,1605.4,58.8,283.1,
252,15/9-19 ST2,15_9_19_ST2_1992_12_22.pdf,2,9,2161.7,1620.3,58.8,282.9,
252,15/9-19 ST2,15_9_19_ST2_1992_12_22.pdf,2,10,2191.8,1635.8,58.9,283.6,
252,15/9-19 ST2,15_9_19_ST2_1992_12_22.pdf,2,11,2221,1650.9,59,282.9,
252,15/9-19 ST2,15_9_19_ST2_1992_12_22.pdf,2,12,2250.5,1666.2,58.6,284.3,
252,15/9-19 ST2,15_9_19_ST2_1992_12_22.pdf,2,13,2278,1680.5,58.6,283.9,
252,15/9-19 ST2,15_9_19_ST2_1992_12_22.pdf,2,14,2307.4,1695.8,58.7,282.6,
252,15/9-19 ST2,15_9_19_ST2_1992_12_22.pdf,2,15,2334.4,1709.8,58.7,284,
253,15/9-19 ST2,15_9_19_ST2_1992_12_23.pdf,2,1,2365.4,1725.9,58.7,283.1,
253,15/9-19 ST2,15_9_19_ST2_1992_12_23.pdf,2,2,2393.4,1740.4,58.3,284,
253,15/9-19 ST2,15_9_19_ST2_1992_12_23.pdf,2,3,2424,1756.7,58.1,283.2,
253,15/9-19 ST2,15_9_19_ST2_1992_12_23.pdf,2,4,2453.4,1772.3,57.9,284.1,
253,15/9-19 ST2,15_9_19_ST2_1992_12_23.pdf,2,5,2479.8,1786.3,57.9,283.1,
253,15/9-19 ST2,15_9_19_ST2_1992_12_23.pdf,2,6,2508.7,1801.7,58.1,284.2,
253,15/9-19 ST2,15_9_19_ST2_1992_12_23.pdf,2,7,2537.2,1816.8,58.1,284,
254,15/9-19 ST2,15_9_19_ST2_1992_12_24.pdf,2,1,2567.2,1832.7,57.7,284.4,
254,15/9-19 ST2,15_9_19_ST2_1992_12_24.pdf,2,2,2594.6,1847.3,57.7,285,
254,15/9-19 ST2,15_9_19_ST2_1992_12_24.pdf,2,3,2623.6,1862.8,57.7,285.7,
254,15/9-19 ST2,15_9_19_ST2_1992_12_24.pdf,2,4,2653.5,1878.8,57.8,286.2,
254,15/9-19 ST2,15_9_19_ST2_1992_12_24.pdf,2,5,2709.9,1908.9,57.8,285.1,
254,15/9-19 ST2,15_9_19_ST2_1992_12_24.pdf,2,6,2738.6,1924.3,57.3,285.6,
254,15/9-19 ST2,15_9_19_ST2_1992_12_24.pdf,2,7,2764.7,1938.3,57.7,285.3,
254,15/9-19 ST2,15_9_19_ST2_1992_12_24.pdf,2,8,2794.3,1954,58.3,285.4,
254,15/9-19 ST2,15_9_19_ST2_1992_12_24.pdf,2,9,2824.9,1970.1,58.1,284.8,
254,15/9-19 ST2,15_9_19_ST2_1992_12_24.pdf,2,10,2852.7,1984.8,58.2,285.2,
254,15/9-19 ST2,15_9_19_ST2_1992_12_24.pdf,2,11,2882.1,2000.2,58.4,285.4,
255,15/9-19 ST2,15_9_19_ST2_1992_12_25.pdf,2,1,2852,1984.8,58.2,285.2,
255,15/9-19 ST2,15_9_19_ST2_1992_12_25.pdf,2,2,2882,2000.2,58.4,285.4,
255,15/9-19 ST2,15_9_19_ST2_1992_12_25.pdf,2,3,2910.7,2015.3,58,285.6,
255,15/9-19 ST2,15_9_19_ST2_1992_12_25.pdf,2,4,2940.2,2030.9,58.1,285.5,
255,15/9-19 ST2,15_9_19_ST2_1992_12_25.pdf,2,5,2996.9,2059.8,60.6,284.6,
261,15/9-19 ST2,15_9_19_ST2_1992_12_31.pdf,2,1,3020.7,2071.6,59.9,286.6,
264,15/9-19 ST2,15_9_19_ST2_1993_01_03.pdf,2,1,3058.2,2091.1,57.3,285,
264,15/9-19 ST2,15_9_19_ST2_1993_01_03.pdf,2,2,3084.4,2105.6,55.6,286.2,
264,15/9-19 ST2,15_9_19_ST2_1993_01_03.pdf,2,3,3105.5,2117.5,55.6,285.3,
266,15/9-19 ST2,15_9_19_ST2_1993_01_05.pdf,2,1,3143.5,2139.2,54.9,282.4,
267,15/9-19 ST2,15_9_19_ST2_1993_01_06.pdf,2,1,3170.3,2154.7,54.6,281.5,
269,15/9-19 ST2,15_9_19_ST2_1993_01_08.pdf,2,1,3191.6,2167.1,53.7,281.2,
269,15/9-19 ST2,15_9_19_ST2_1993_01_08.pdf,2,2,3224,2186.3,53.7,281.7,
269,15/9-19 ST2,15_9_19_ST2_1993_01_08.pdf,2,3,3250,2201.8,53,280.1,
269,15/9-19 ST2,15_9_19_ST2_1993_01_08.pdf,2,4,3276,2217.6,52.5,280.7,
270,15/9-19 ST2,15_9_19_ST2_1993_01_09.pdf,2,1,30,2232.1,53.1,278.6,
270,15/9-19 ST2,15_9_19_ST2_1993_01_09.pdf,2,2,3337,2254.4,52.8,278.3,
270,15/9-19 ST2,15_9_19_ST2_1993_01_09.pdf,2,3,3365,2271.4,52.5,278.6,
270,15/9-19 ST2,15_9_19_ST2_1993_01_09.pdf,2,4,3394,2289.1,52.1,279,
271,15/9-19 ST2,15_9_19_ST2_1993_01_10.pdf,2,1,3425,2308.3,51.6,278.7,
271,15/9-19 ST2,15_9_19_ST2_1993_01_10.pdf,2,2,3453,2325.7,51.4,279.3,
271,15/9-19 ST2,15_9_19_ST2_1993_01_10.pdf,2,3,3483,2344.4,51.2,279.3,
271,15/9-19 ST2,15_9_19_ST2_1993_01_10.pdf,2,4,3511,2362,50.9,277.8,
271,15/9-19 ST2,15_9_19_ST2_1993_01_10.pdf,2,5,3540,2380.4,50.5,278.4,
302,15/9-19 ST2,15_9_19_ST2_1993_02_26.pdf,2,1,3586,2404.6,51.21,278.25,
303,15/9-19 ST2,15_9_19_ST2_1993_02_27.pdf,2,1,3615,2422.5,52.4,278.2,
304,15/9-19 ST2,15_9_19_ST2_1993_02_28.pdf,2,1,3634,2433.8,54.2,278.3,
305,15/9-19 ST2,15_9_19_ST2_1993_03_01.pdf,2,1,3645,2440.2,55.1,278.7,
305,15/9-19 ST2,15_9_19_ST2_1993_03_01.pdf,2,2,3674,2456.6,56.1,277.7,
305,15/9-19 ST2,15_9_19_ST2_1993_03_01.pdf,2,3,3704,2473.6,54.9,274.9,
305,15/9-19 ST2,15_9_19_ST2_1993_03_01.pdf,2,4,3733,2490.5,53.9,272.4,
305,15/9-19 ST2,15_9_19_ST2_1993_03_01.pdf,2,5,3761,2507.4,52,270.2,
306,15/9-19 ST2,15_9_19_ST2_1993_03_02.pdf,2,1,3789,2524.8,50.9,270,
306,15/9-19 ST2,15_9_19_ST2_1993_03_02.pdf,2,2,3818,2543.3,50,270.2,
306,15/9-19 ST2,15_9_19_ST2_1993_03_02.pdf,2,3,3847,2562,49.7,268.9,
306,15/9-19 ST2,15_9_19_ST2_1993_03_02.pdf,2,4,3876,2580.7,49.8,268.5,
307,15/9-19 ST2,15_9_19_ST2_1993_03_03.pdf,2,1,3905,2599.3,50.2,268.9,
307,15/9-19 ST2,15_9_19_ST2_1993_03_03.pdf,2,2,3935,2618.6,50.1,268.7,
309,15/9-19 ST2,15_9_19_ST2_1993_03_05.pdf,2,1,3963,2636.5,50.2,268.4,
309,15/9-19 ST2,15_9_19_ST2_1993_03_05.pdf,2,2,3993,2655.8,49.7,268.4,
309,15/9-19 ST2,15_9_19_ST2_1993_03_05.pdf,2,3,4022,2674.7,49.1,268.6,
309,15/9-19 ST2,15_9_19_ST2_1993_03_05.pdf,2,4,4049,2692.5,48.3,268.5,
309,15/9-19 ST2,15_9_19_ST2_1993_03_05.pdf,2,5,4079,2712.6,47.7,267.9,
309,15/9-19 ST2,15_9_19_ST2_1993_03_05.pdf,2,6,4107,2731.5,47.1,268.9,
310,15/9-19 ST2,15_9_19_ST2_1993_03_06.pdf,2,1,4136,2751.5,46.1,267.7,
310,15/9-19 ST2,15_9_19_ST2_1993_03_06.pdf,2,2,4165,2771.8,44.8,268.1,
310,15/9-19 ST2,15_9_19_ST2_1993_03_06.pdf,2,3,4193,2791.9,43.7,267.8,
310,15/9-19 ST2,15_9_19_ST2_1993_03_06.pdf,2,4,4223,2813.7,42.6,267.9,
310,15/9-19 ST2,15_9_19_ST2_1993_03_06.pdf,2,5,4252,2835.2,41.8,267.6,
310,15/9-19 ST2,15_9_19_ST2_1993_03_06.pdf,2,6,4281,2857,40.8,267.2,
310,15/9-19 ST2,15_9_19_ST2_1993_03_06.pdf,2,7,4309,2878.3,40.2,267.2,
315,15/9-19 ST2,15_9_19_ST2_1993_03_11.pdf,2,1,4366,2922.1,39.58,266.98,
315,15/9-19 ST2,15_9_19_ST2_1993_03_11.pdf,2,2,4395,2944.4,39.65,266.76,
315,15/9-19 ST2,15_9_19_ST2_1993_03_11.pdf,2,3,4423,2966,39.98,265.72,
315,15/9-19 ST2,15_9_19_ST2_1993_03_11.pdf,2,4,4452,2988.1,40.33,265.81,
315,15/9-19 ST2,15_9_19_ST2_1993_03_11.pdf,2,5,4480,3009.4,40.62,265.67,
316,15/9-19 ST2,15_9_19_ST2_1993_03_12.pdf,2,1,4510,3032.1,40.92,264.86,
316,15/9-19 ST2,15_9_19_ST2_1993_03_12.pdf,2,2,4540,3054.8,41.16,265.37,
316,15/9-19 ST2,15_9_19_ST2_1993_03_12.pdf,2,3,4568,3075.8,41.51,264.47,
316,15/9-19 ST2,15_9_19_ST2_1993_03_12.pdf,2,4,4594,3095.2,41.61,265.01,
316,15/9-19 ST2,15_9_19_ST2_1993_03_12.pdf,2,5,4624,3117.6,41.8,264.88,
376,15/9-F-10,15_9_F_10_2009_04_07.pdf,2,1,156.5,156.5,.27,217.76,
376,15/9-F-10,15_9_F_10_2009_04_07.pdf,2,2,166.8,166.8,.17,192.64,
376,15/9-F-10,15_9_F_10_2009_04_07.pdf,2,3,176,176,.21,193.77,
376,15/9-F-10,15_9_F_10_2009_04_07.pdf,2,4,193.7,131.8,.15,131,
381,15/9-F-10,15_9_F_10_2009_04_12.pdf,2,1,150,150,.15,232.43,
381,15/9-F-10,15_9_F_10_2009_04_12.pdf,2,2,160,160,.13,185.89,
381,15/9-F-10,15_9_F_10_2009_04_12.pdf,2,3,170,170,.13,247.15,
381,15/9-F-10,15_9_F_10_2009_04_12.pdf,2,4,180,180,.18,237.15,
381,15/9-F-10,15_9_F_10_2009_04_12.pdf,2,5,190,190,.15,224.23,
381,15/9-F-10,15_9_F_10_2009_04_12.pdf,2,6,202,202,.22,231.74,
381,15/9-F-10,15_9_F_10_2009_04_12.pdf,2,7,210,210,.18,252.26,
381,15/9-F-10,15_9_F_10_2009_04_12.pdf,2,8,220,220,.14,285.63,
381,15/9-F-10,15_9_F_10_2009_04_12.pdf,2,9,230,230,.12,264.95,
381,15/9-F-10,15_9_F_10_2009_04_12.pdf,2,10,240,240,.17,254.96,
381,15/9-F-10,15_9_F_10_2009_04_12.pdf,2,11,250,250,.16,232.05,
381,15/9-F-10,15_9_F_10_2009_04_12.pdf,2,12,256.7,256.7,.1,238.5,
381,15/9-F-10,15_9_F_10_2009_04_12.pdf,2,13,266.9,266.9,.16,208.9,
381,15/9-F-10,15_9_F_10_2009_04_12.pdf,2,14,280,280,.35,212.33,
381,15/9-F-10,15_9_F_10_2009_04_12.pdf,2,15,320,320,.53,150.89,
381,15/9-F-10,15_9_F_10_2009_04_12.pdf,2,16,334.8,334.8,.79,140.78,
381,15/9-F-10,15_9_F_10_2009_04_12.pdf,2,17,351.8,351.8,2.11,122.59,
381,15/9-F-10,15_9_F_10_2009_04_12.pdf,2,18,360.2,360.2,2.55,121.01,
382,15/9-F-10,15_9_F_10_2009_04_13.pdf,2,1,371.2,371.2,2.99,118.37,
382,15/9-F-10,15_9_F_10_2009_04_13.pdf,2,2,387.1,387,3.68,118.37,
382,15/9-F-10,15_9_F_10_2009_04_13.pdf,2,3,401.1,401,4.38,116.26,
382,15/9-F-10,15_9_F_10_2009_04_13.pdf,2,4,414.2,414.1,4.81,117.76,
382,15/9-F-10,15_9_F_10_2009_04_13.pdf,2,5,427.8,427.6,4.99,114.15,
382,15/9-F-10,15_9_F_10_2009_04_13.pdf,2,6,440.2,440,4.99,116.44,
382,15/9-F-10,15_9_F_10_2009_04_13.pdf,2,7,454.8,454.5,5.72,118.37,
382,15/9-F-10,15_9_F_10_2009_04_13.pdf,2,8,468.1,467.7,6.03,115.65,
382,15/9-F-10,15_9_F_10_2009_04_13.pdf,2,9,480.9,480.5,6.46,115.74,
382,15/9-F-10,15_9_F_10_2009_04_13.pdf,2,10,494.8,494.3,6.81,114.5,
382,15/9-F-10,15_9_F_10_2009_04_13.pdf,2,11,508.6,508,7.07,113.8,
382,15/9-F-10,15_9_F_10_2009_04_13.pdf,2,12,521.7,521,7.33,113.19,
382,15/9-F-10,15_9_F_10_2009_04_13.pdf,2,13,536.6,535.7,8.03,114.94,
382,15/9-F-10,15_9_F_10_2009_04_13.pdf,2,14,549,548,8.72,112.83,
382,15/9-F-10,15_9_F_10_2009_04_13.pdf,2,15,561.3,560.2,9.33,115.47,
382,15/9-F-10,15_9_F_10_2009_04_13.pdf,2,16,602.1,600.3,11.7,115.82,
382,15/9-F-10,15_9_F_10_2009_04_13.pdf,2,17,642.1,639.3,13.07,116.96,
382,15/9-F-10,15_9_F_10_2009_04_13.pdf,2,18,683,679.1,13.85,121.36,
382,15/9-F-10,15_9_F_10_2009_04_13.pdf,2,19,709.5,704.8,14.31,122.38,
383,15/9-F-10,15_9_F_10_2009_04_14.pdf,2,1,1033.7,1011.8,19.08,114.57,
383,15/9-F-10,15_9_F_10_2009_04_14.pdf,2,2,1072.5,1048.2,20.43,111.21,
383,15/9-F-10,15_9_F_10_2009_04_14.pdf,2,3,1113.7,1086.7,22.08,119.48,
383,15/9-F-10,15_9_F_10_2009_04_14.pdf,2,4,1153.6,1123.4,24,123.79,
383,15/9-F-10,15_9_F_10_2009_04_14.pdf,2,5,1193.2,1159.2,26.58,121.81,
383,15/9-F-10,15_9_F_10_2009_04_14.pdf,2,6,749.5,743.5,15.44,126.13,
383,15/9-F-10,15_9_F_10_2009_04_14.pdf,2,7,789.4,781.8,17.41,128.7,
383,15/9-F-10,15_9_F_10_2009_04_14.pdf,2,8,830.5,820.6,20.64,127.08,
383,15/9-F-10,15_9_F_10_2009_04_14.pdf,2,9,871.3,858.6,21.84,123.28,
383,15/9-F-10,15_9_F_10_2009_04_14.pdf,2,10,911.8,896.5,19.87,122.17,
383,15/9-F-10,15_9_F_10_2009_04_14.pdf,2,11,952.7,935.1,18.4,122.87,
383,15/9-F-10,15_9_F_10_2009_04_14.pdf,2,12,993.3,973.6,18.98,118.21,
384,15/9-F-10,15_9_F_10_2009_04_15.pdf,2,1,1233.3,1194.7,28.79,118.8,
384,15/9-F-10,15_9_F_10_2009_04_15.pdf,2,2,1273.7,1229.7,31,118.14,
384,15/9-F-10,15_9_F_10_2009_04_15.pdf,2,3,1314.4,1265,28.73,118.71,
384,15/9-F-10,15_9_F_10_2009_04_15.pdf,2,4,1355.2,1301.1,27.17,119.64,
384,15/9-F-10,15_9_F_10_2009_04_15.pdf,2,5,1381.6,1324.5,27.47,120.39,
392,15/9-F-10,15_9_F_10_2009_04_23.pdf,2,1,1430.6,1367.9,27.95,118.95,
393,15/9-F-10,15_9_F_10_2009_04_24.pdf,2,1,1472.8,1404.6,27.19,118.74,
393,15/9-F-10,15_9_F_10_2009_04_24.pdf,2,2,1512.8,1440.9,26.83,118.26,
394,15/9-F-10,15_9_F_10_2009_04_25.pdf,2,1,1553.3,1477.2,26.43,117.32,
394,15/9-F-10,15_9_F_10_2009_04_25.pdf,2,2,1633.8,1549.5,25.65,116.79,
394,15/9-F-10,15_9_F_10_2009_04_25.pdf,2,3,1673.4,1585.3,25.27,116.46,
394,15/9-F-10,15_9_F_10_2009_04_25.pdf,2,4,1714.1,1621.9,26.25,116.02,
394,15/9-F-10,15_9_F_10_2009_04_25.pdf,2,5,1754.5,1657.7,28.6,117.2,
394,15/9-F-10,15_9_F_10_2009_04_25.pdf,2,6,1794.9,1692.9,30.38,118.73,
394,15/9-F-10,15_9_F_10_2009_04_25.pdf,2,7,1835.3,1727.5,32.07,120.84,
395,15/9-F-10,15_9_F_10_2009_04_26.pdf,2,1,1875.8,1761.3,34.57,123.43,
395,15/9-F-10,15_9_F_10_2009_04_26.pdf,2,2,1916,1793.9,37.32,125.83,
395,15/9-F-10,15_9_F_10_2009_04_26.pdf,2,3,2002.1,1859.1,44.04,127.68,
395,15/9-F-10,15_9_F_10_2009_04_26.pdf,2,4,2036.9,1884,44.79,127.31,
395,15/9-F-10,15_9_F_10_2009_04_26.pdf,2,5,2077.1,1912.5,44.92,126.13,
395,15/9-F-10,15_9_F_10_2009_04_26.pdf,2,6,2156.9,1968.9,45.08,125.02,
396,15/9-F-10,15_9_F_10_2009_04_27.pdf,2,1,2237.8,2026,45.02,124.92,
396,15/9-F-10,15_9_F_10_2009_04_27.pdf,2,2,2318.5,2083.1,45.05,124.26,
396,15/9-F-10,15_9_F_10_2009_04_27.pdf,2,3,2359.4,2111.9,45.04,124.04,
396,15/9-F-10,15_9_F_10_2009_04_27.pdf,2,4,2399.1,2140,44.98,124.64,
396,15/9-F-10,15_9_F_10_2009_04_27.pdf,2,5,2439.7,2168.7,45.08,125.23,
397,15/9-F-10,15_9_F_10_2009_04_28.pdf,2,1,2479.8,2197.1,44.68,125.28,
397,15/9-F-10,15_9_F_10_2009_04_28.pdf,2,2,2519.9,2225.6,44.74,124.88,
397,15/9-F-10,15_9_F_10_2009_04_28.pdf,2,3,2600.4,2282.9,44.53,126.09,
406,15/9-F-10,15_9_F_10_2009_05_07.pdf,2,1,2625.4,2300.8,44.18,126.28,
406,15/9-F-10,15_9_F_10_2009_05_07.pdf,2,2,2665.7,2329.5,44.88,125.57,
406,15/9-F-10,15_9_F_10_2009_05_07.pdf,2,3,2705.9,2357.9,45.37,126.06,
406,15/9-F-10,15_9_F_10_2009_05_07.pdf,2,4,2746.2,2386.1,45.78,126.69,
406,15/9-F-10,15_9_F_10_2009_05_07.pdf,2,5,2786.6,2414.1,46.68,126.08,
407,15/9-F-10,15_9_F_10_2009_05_08.pdf,2,1,2827.1,2441.7,47.37,126.78,
407,15/9-F-10,15_9_F_10_2009_05_08.pdf,2,2,2867,2467.8,50.97,125.56,
408,15/9-F-10,15_9_F_10_2009_05_09.pdf,2,1,2916.7,2498,54.14,124.5,
408,15/9-F-10,15_9_F_10_2009_05_09.pdf,2,2,2947.7,2515.6,56.47,123.94,
408,15/9-F-10,15_9_F_10_2009_05_09.pdf,2,3,2988.1,2537,59.76,123.25,
408,15/9-F-10,15_9_F_10_2009_05_09.pdf,2,4,3028.4,2556.4,62.56,121.73,
408,15/9-F-10,15_9_F_10_2009_05_09.pdf,2,5,3068.3,2573.7,65.91,121.12,
408,15/9-F-10,15_9_F_10_2009_05_09.pdf,2,6,3108.6,2589,69.51,120.26,
408,15/9-F-10,15_9_F_10_2009_05_09.pdf,2,7,3149.2,2602.3,72.22,120.17,
408,15/9-F-10,15_9_F_10_2009_05_09.pdf,2,8,3192.6,2615,73.84,119.84,
408,15/9-F-10,15_9_F_10_2009_05_09.pdf,2,9,3230.2,2624.6,76.5,120.17,
409,15/9-F-10,15_9_F_10_2009_05_10.pdf,2,1,3270.4,2633.4,78.35,119.88,
412,15/9-F-10,15_9_F_10_2009_05_13.pdf,2,1,3311.3,2640.7,80.89,120.36,
412,15/9-F-10,15_9_F_10_2009_05_13.pdf,2,2,3351.1,2646.1,83.52,121.19,
412,15/9-F-10,15_9_F_10_2009_05_13.pdf,2,3,3389.8,2649.8,85.52,121.43,
412,15/9-F-10,15_9_F_10_2009_05_13.pdf,2,4,3426.6,2652.7,85.4,121.89,
420,15/9-F-10,15_9_F_10_2009_05_21.pdf,2,1,3484.8,2657.2,85.77,122.97,
421,15/9-F-10,15_9_F_10_2009_05_22.pdf,2,1,3565.5,2663.1,85.77,123.79,
422,15/9-F-10,15_9_F_10_2009_05_23.pdf,2,1,3605.4,2666.1,85.85,123.97,
422,15/9-F-10,15_9_F_10_2009_05_23.pdf,2,2,3646.4,2669,85.79,123.69,
424,15/9-F-10,15_9_F_10_2009_05_25.pdf,2,1,3688,2672,85.91,122.41,
424,15/9-F-10,15_9_F_10_2009_05_25.pdf,2,2,3728.3,2677.8,86.2,119.37,
424,15/9-F-10,15_9_F_10_2009_05_25.pdf,2,3,3768.9,2677.8,85.37,119.94,
424,15/9-F-10,15_9_F_10_2009_05_25.pdf,2,4,3809.7,2681,85.57,120.88,
425,15/9-F-10,15_9_F_10_2009_05_26.pdf,2,1,3843,2638.6,85.56,122.62,
425,15/9-F-10,15_9_F_10_2009_05_26.pdf,2,2,3890.2,2687.3,85.54,123.89,
425,15/9-F-10,15_9_F_10_2009_05_26.pdf,2,3,3928.3,2690.3,85.45,124.71,
425,15/9-F-10,15_9_F_10_2009_05_26.pdf,2,4,3969.7,2693.6,85.33,125.47,
425,15/9-F-10,15_9_F_10_2009_05_26.pdf,2,5,4009.5,2696.8,85.54,126.31,
425,15/9-F-10,15_9_F_10_2009_05_26.pdf,2,6,4049.9,2700.1,85.02,127.2,
425,15/9-F-10,15_9_F_10_2009_05_26.pdf,2,7,4091.1,2703.2,86.28,125.6,
425,15/9-F-10,15_9_F_10_2009_05_26.pdf,2,8,4132.1,2705.9,86.08,118.05,
425,15/9-F-10,15_9_F_10_2009_05_26.pdf,2,9,4172.5,2709,85.25,113.91,
425,15/9-F-10,15_9_F_10_2009_05_26.pdf,2,10,4212.8,2712.2,85.63,119.43,
426,15/9-F-10,15_9_F_10_2009_05_27.pdf,2,1,4252.8,2715.3,85.54,123.01,
426,15/9-F-10,15_9_F_10_2009_05_27.pdf,2,2,4291.7,2718.2,85.85,128.42,
426,15/9-F-10,15_9_F_10_2009_05_27.pdf,2,3,4334.3,2721.3,85.82,131.37,
426,15/9-F-10,15_9_F_10_2009_05_27.pdf,2,4,4374.6,2724.2,86.06,131.14,
426,15/9-F-10,15_9_F_10_2009_05_27.pdf,2,5,4415.1,2726.9,86.05,131.5,
426,15/9-F-10,15_9_F_10_2009_05_27.pdf,2,6,4455.4,2729.7,86.17,131.51,
426,15/9-F-10,15_9_F_10_2009_05_27.pdf,2,7,4495.7,2732.1,86.83,131.74,
426,15/9-F-10,15_9_F_10_2009_05_27.pdf,2,8,4535.6,2734,87.71,131.8,
427,15/9-F-10,15_9_F_10_2009_05_28.pdf,2,1,4576.2,2736.4,85.71,131.07,
427,15/9-F-10,15_9_F_10_2009_05_28.pdf,2,2,4616.5,2739.4,85.65,131.64,
427,15/9-F-10,15_9_F_10_2009_05_28.pdf,2,3,4656.9,2742.4,85.71,132.19,
427,15/9-F-10,15_9_F_10_2009_05_28.pdf,2,4,4696.8,2745.9,84.25,131.74,
428,15/9-F-10,15_9_F_10_2009_05_29.pdf,2,1,4737.4,2750.5,82.81,130.52,
428,15/9-F-10,15_9_F_10_2009_05_29.pdf,2,2,4777.6,2756.2,80.87,130.2,
428,15/9-F-10,15_9_F_10_2009_05_29.pdf,2,3,4818,2763.8,77.41,129.45,
428,15/9-F-10,15_9_F_10_2009_05_29.pdf,2,4,4858.4,2774,73.57,129.36,
428,15/9-F-10,15_9_F_10_2009_05_29.pdf,2,5,4894.4,2785.4,69.4,129.21,
431,15/9-F-10,15_9_F_10_2009_06_01.pdf,2,1,4936.1,2793.2,64.3,129.21,
432,15/9-F-10,15_9_F_10_2009_06_02.pdf,2,1,4977.6,2813.1,58.44,130.74,
432,15/9-F-10,15_9_F_10_2009_06_02.pdf,2,2,5017.9,2835.3,54.86,131.27,
432,15/9-F-10,15_9_F_10_2009_06_02.pdf,2,3,5058.3,2858.7,54.24,131.85,
432,15/9-F-10,15_9_F_10_2009_06_02.pdf,2,4,5098.6,2882.1,54.66,131.86,
432,15/9-F-10,15_9_F_10_2009_06_02.pdf,2,5,5139,2905.5,54.49,132.53,
432,15/9-F-10,15_9_F_10_2009_06_02.pdf,2,6,5179.3,2928.9,54.59,131.33,
432,15/9-F-10,15_9_F_10_2009_06_02.pdf,2,7,5219.4,2952.2,54.66,130.59,
432,15/9-F-10,15_9_F_10_2009_06_02.pdf,2,8,5259.7,2975.6,54.14,131.17,
433,15/9-F-10,15_9_F_10_2009_06_03.pdf,2,1,5300.1,2999.1,54.61,130.13,
448,15/9-F-11,15_9_F_11_2013_03_09.pdf,2,1,0,0,0,0,
448,15/9-F-11,15_9_F_11_2013_03_09.pdf,2,2,145.9,145.9,0,0,
448,15/9-F-11,15_9_F_11_2013_03_09.pdf,2,3,147.6,147.6,.22,0,
448,15/9-F-11,15_9_F_11_2013_03_09.pdf,2,4,160.6,160.6,.07,0,
448,15/9-F-11,15_9_F_11_2013_03_09.pdf,2,5,169.3,169.3,.18,0,
448,15/9-F-11,15_9_F_11_2013_03_09.pdf,2,6,178.9,178.9,.07,0,
448,15/9-F-11,15_9_F_11_2013_03_09.pdf,2,7,184.6,184.6,.18,0,
448,15/9-F-11,15_9_F_11_2013_03_09.pdf,2,8,194.2,194.2,.1,0,
459,15/9-F-11,15_9_F_11_2013_03_20.pdf,2,1,167.7,167.7,.29,246.72,
459,15/9-F-11,15_9_F_11_2013_03_20.pdf,2,2,180,180,.2,214.07,
459,15/9-F-11,15_9_F_11_2013_03_20.pdf,2,3,193,193,.34,211.45,
459,15/9-F-11,15_9_F_11_2013_03_20.pdf,2,4,202,202,.26,233.95,
459,15/9-F-11,15_9_F_11_2013_03_20.pdf,2,5,208,208,.21,181.56,
459,15/9-F-11,15_9_F_11_2013_03_20.pdf,2,6,218,218,.25,195.59,
459,15/9-F-11,15_9_F_11_2013_03_20.pdf,2,7,228,228,.48,202.49,
459,15/9-F-11,15_9_F_11_2013_03_20.pdf,2,8,238.5,238.5,.49,217.49,
459,15/9-F-11,15_9_F_11_2013_03_20.pdf,2,9,251.3,251.3,.57,204.82,
459,15/9-F-11,15_9_F_11_2013_03_20.pdf,2,10,261.3,261.3,.6,167.13,
459,15/9-F-11,15_9_F_11_2013_03_20.pdf,2,11,263.5,263.5,.66,165.04,
459,15/9-F-11,15_9_F_11_2013_03_20.pdf,2,12,275.3,275.3,.56,208.46,
459,15/9-F-11,15_9_F_11_2013_03_20.pdf,2,13,278.3,278.3,.56,198.61,
459,15/9-F-11,15_9_F_11_2013_03_20.pdf,2,14,288.3,288.3,.49,195.01,
465,15/9-F-11 A,15_9_F_11_A_2013_05_16.pdf,2,1,2845.8,2640.9,53.64,49.59,
465,15/9-F-11 A,15_9_F_11_A_2013_05_16.pdf,2,2,2885.7,2663.6,57.14,47.72,
465,15/9-F-11 A,15_9_F_11_A_2013_05_16.pdf,2,3,2926.2,2683.9,62.55,46.62,
465,15/9-F-11 A,15_9_F_11_A_2013_05_16.pdf,2,4,2966.3,2700.8,67.71,45.5,
465,15/9-F-11 A,15_9_F_11_A_2013_05_16.pdf,2,5,3006.7,2714.5,72.54,43.49,
465,15/9-F-11 A,15_9_F_11_A_2013_05_16.pdf,2,6,3047,2725.8,75.01,41.48,
466,15/9-F-11 A,15_9_F_11_A_2013_05_17.pdf,2,1,3087.6,2736.4,74.71,39.61,
466,15/9-F-11 A,15_9_F_11_A_2013_05_17.pdf,2,2,3128,2746.9,75.02,40.02,
466,15/9-F-11 A,15_9_F_11_A_2013_05_17.pdf,2,3,3168.1,2757.3,75.05,41.07,
466,15/9-F-11 A,15_9_F_11_A_2013_05_17.pdf,2,4,3208.4,2768.7,72.06,41.84,
466,15/9-F-11 A,15_9_F_11_A_2013_05_17.pdf,2,5,3248.8,2782.6,67.68,41.55,
466,15/9-F-11 A,15_9_F_11_A_2013_05_17.pdf,2,6,3288.7,2799.1,63.3,40.68,
468,15/9-F-11 A,15_9_F_11_A_2013_05_20.pdf,2,1,3329.4,2817.8,57.55,40.55,
468,15/9-F-11 A,15_9_F_11_A_2013_05_20.pdf,2,2,3369.9,2840.8,53.32,40.54,
468,15/9-F-11 A,15_9_F_11_A_2013_05_20.pdf,2,3,3410.2,2865.8,49.77,38.28,
468,15/9-F-11 A,15_9_F_11_A_2013_05_20.pdf,2,4,3450.3,2892.2,48.06,37.47,
469,15/9-F-11 A,15_9_F_11_A_2013_05_21.pdf,2,1,3490.7,2920,44.78,38.77,
469,15/9-F-11 A,15_9_F_11_A_2013_05_21.pdf,2,2,3531.1,2949.7,40.65,38.36,
469,15/9-F-11 A,15_9_F_11_A_2013_05_21.pdf,2,3,3571.7,2980.7,39.98,38.78,
469,15/9-F-11 A,15_9_F_11_A_2013_05_21.pdf,2,4,3611.1,3010.8,40,39.49,
469,15/9-F-11 A,15_9_F_11_A_2013_05_21.pdf,2,5,3652.3,3042.4,40.03,39.03,
469,15/9-F-11 A,15_9_F_11_A_2013_05_21.pdf,2,6,3692.3,3073.1,39.89,38.16,
469,15/9-F-11 A,15_9_F_11_A_2013_05_21.pdf,2,7,3732.8,3104.1,39.93,38.19,
469,15/9-F-11 A,15_9_F_11_A_2013_05_21.pdf,2,8,3749.1,3116.6,39.98,38.48,
469,15/9-F-11 A,15_9_F_11_A_2013_05_21.pdf,2,9,3762,3126.5,40,38.7,
478,15/9-F-11 B,15_9_F_11_B_2013_05_29.pdf,1,1,2603.3,2466.6,38.69,72.5,
478,15/9-F-11 B,15_9_F_11_B_2013_05_29.pdf,1,2,2643.4,2497.3,41.55,75.42,
479,15/9-F-11 B,15_9_F_11_B_2013_05_30.pdf,2,1,2805.2,2599.5,59.75,75.82,
479,15/9-F-11 B,15_9_F_11_B_2013_05_30.pdf,2,2,2844.7,2618.4,63.05,73.92,
479,15/9-F-11 B,15_9_F_11_B_2013_05_30.pdf,2,3,2885.6,2637,62.97,73.91,
479,15/9-F-11 B,15_9_F_11_B_2013_05_30.pdf,2,4,2917,2651.4,62.3,75.5,
480,15/9-F-11 B,15_9_F_11_B_2013_05_31.pdf,2,1,2925.8,2655.6,61.95,79.05,
480,15/9-F-11 B,15_9_F_11_B_2013_05_31.pdf,2,2,2966.3,2674.7,61.79,84.11,
480,15/9-F-11 B,15_9_F_11_B_2013_05_31.pdf,2,3,3005.3,2693.1,61.93,86.52,
480,15/9-F-11 B,15_9_F_11_B_2013_05_31.pdf,2,4,3045.9,2712.2,61.86,90.52,
480,15/9-F-11 B,15_9_F_11_B_2013_05_31.pdf,2,5,3086.2,2731.2,62.08,93.76,
481,15/9-F-11 B,15_9_F_11_B_2013_06_01.pdf,2,1,3126.9,2750.3,62.08,97.11,
481,15/9-F-11 B,15_9_F_11_B_2013_06_01.pdf,2,2,3167.7,2769.2,62.72,101.07,
488,15/9-F-11 B,15_9_F_11_B_2013_06_08.pdf,2,1,3237.8,2801.8,61.97,109.78,
488,15/9-F-11 B,15_9_F_11_B_2013_06_08.pdf,2,2,3278.3,2819.7,65.4,114.87,
489,15/9-F-11 B,15_9_F_11_B_2013_06_09.pdf,2,1,3318.2,2835.1,69.26,117.69,
489,15/9-F-11 B,15_9_F_11_B_2013_06_09.pdf,2,2,3359.2,2849.3,70.23,118.16,
489,15/9-F-11 B,15_9_F_11_B_2013_06_09.pdf,2,3,3399.6,2862.5,71.72,120.86,
489,15/9-F-11 B,15_9_F_11_B_2013_06_09.pdf,2,4,3439.7,2875.2,71.3,125.12,
489,15/9-F-11 B,15_9_F_11_B_2013_06_09.pdf,2,5,3480,2888,71.64,129.08,
489,15/9-F-11 B,15_9_F_11_B_2013_06_09.pdf,2,6,3520.5,2899.9,74.08,127.5,
489,15/9-F-11 B,15_9_F_11_B_2013_06_09.pdf,2,7,3561,2909.8,77.83,126.21,
489,15/9-F-11 B,15_9_F_11_B_2013_06_09.pdf,2,8,3601.4,2917,81.46,124.48,
489,15/9-F-11 B,15_9_F_11_B_2013_06_09.pdf,2,9,3641.3,2921.7,85.04,120.81,
489,15/9-F-11 B,15_9_F_11_B_2013_06_09.pdf,2,10,3681.7,2923.9,88.67,119.75,
489,15/9-F-11 B,15_9_F_11_B_2013_06_09.pdf,2,11,3721.9,2924.4,90.01,119.03,
489,15/9-F-11 B,15_9_F_11_B_2013_06_09.pdf,2,12,3762.1,2924.7,89.09,118.41,
489,15/9-F-11 B,15_9_F_11_B_2013_06_09.pdf,2,13,3802.4,2925.3,89.1,118.05,
490,15/9-F-11 B,15_9_F_11_B_2013_06_10.pdf,2,1,3842.7,2926.2,88.52,118.96,
490,15/9-F-11 B,15_9_F_11_B_2013_06_10.pdf,2,2,3884,2928.9,83.95,113.21,
490,15/9-F-11 B,15_9_F_11_B_2013_06_10.pdf,2,3,3924.5,2933.7,82.59,110.14,
490,15/9-F-11 B,15_9_F_11_B_2013_06_10.pdf,2,4,3964.4,2939.7,80.05,106.19,
490,15/9-F-11 B,15_9_F_11_B_2013_06_10.pdf,2,5,4004.8,2947.4,77.79,102.74,
490,15/9-F-11 B,15_9_F_11_B_2013_06_10.pdf,2,6,4044.9,2956.9,75.06,100.14,
490,15/9-F-11 B,15_9_F_11_B_2013_06_10.pdf,2,7,4085,2966.9,76.09,98.95,
490,15/9-F-11 B,15_9_F_11_B_2013_06_10.pdf,2,8,4124.9,2976.1,77.05,97,
490,15/9-F-11 B,15_9_F_11_B_2013_06_10.pdf,2,9,4165.4,2984.5,79.04,94.65,
491,15/9-F-11 B,15_9_F_11_B_2013_06_11.pdf,2,1,4205.7,2991.8,80.1,92.63,
491,15/9-F-11 B,15_9_F_11_B_2013_06_11.pdf,2,2,4245.9,2998.8,80.09,90.08,
491,15/9-F-11 B,15_9_F_11_B_2013_06_11.pdf,2,3,4286.4,3006.1,78.98,87.18,
491,15/9-F-11 B,15_9_F_11_B_2013_06_11.pdf,2,4,4327.3,3014.4,77.61,82.49,
491,15/9-F-11 B,15_9_F_11_B_2013_06_11.pdf,2,5,4367.6,3023.9,75.14,79.93,
491,15/9-F-11 B,15_9_F_11_B_2013_06_11.pdf,2,6,4408.3,3035.8,70.74,78.79,
491,15/9-F-11 B,15_9_F_11_B_2013_06_11.pdf,2,7,4448.3,3050.4,66.71,77.28,
491,15/9-F-11 B,15_9_F_11_B_2013_06_11.pdf,2,8,4488.3,3067.7,61.74,76.29,
491,15/9-F-11 B,15_9_F_11_B_2013_06_11.pdf,2,9,4528.6,3088.2,57.15,74.31,
491,15/9-F-11 B,15_9_F_11_B_2013_06_11.pdf,2,10,4569.2,3111.5,52.85,72.49,
491,15/9-F-11 B,15_9_F_11_B_2013_06_11.pdf,2,11,4609.2,3136.9,48.18,72.49,
493,15/9-F-11 B,15_9_F_11_B_2013_06_13.pdf,2,1,4649.9,3164.5,44.55,68.41,
493,15/9-F-11 B,15_9_F_11_B_2013_06_13.pdf,2,2,4690.3,3194.4,39.91,66.17,
493,15/9-F-11 B,15_9_F_11_B_2013_06_13.pdf,2,3,4730.3,3225.6,37.45,65.09,
493,15/9-F-11 B,15_9_F_11_B_2013_06_13.pdf,2,4,4757.1,3247,36.8,64.86,
493,15/9-F-11 B,15_9_F_11_B_2013_06_13.pdf,2,5,4770,3257.3,36.8,64.86,
568,15/9-F-11 T2,15_9_F_11_T2_2013_03_24.pdf,2,1,264,264,1.32,310.5,
568,15/9-F-11 T2,15_9_F_11_T2_2013_03_24.pdf,2,2,276.4,276.4,1.41,316.92,
568,15/9-F-11 T2,15_9_F_11_T2_2013_03_24.pdf,2,3,284.5,284.5,1.55,316.94,
568,15/9-F-11 T2,15_9_F_11_T2_2013_03_24.pdf,2,4,290.2,290.2,1.32,318.66,
569,15/9-F-11 T2,15_9_F_11_T2_2013_03_25.pdf,2,1,305,305,1.06,321.43,
569,15/9-F-11 T2,15_9_F_11_T2_2013_03_25.pdf,2,2,317,317,.98,327.19,
569,15/9-F-11 T2,15_9_F_11_T2_2013_03_25.pdf,2,3,332,332,1.08,321.81,
569,15/9-F-11 T2,15_9_F_11_T2_2013_03_25.pdf,2,4,344.7,344.7,1.07,325.46,
569,15/9-F-11 T2,15_9_F_11_T2_2013_03_25.pdf,2,5,358.2,358.2,1.13,318.4,
569,15/9-F-11 T2,15_9_F_11_T2_2013_03_25.pdf,2,6,371.7,371.7,1.16,320.72,
569,15/9-F-11 T2,15_9_F_11_T2_2013_03_25.pdf,2,7,385,385,1.4,317.81,
569,15/9-F-11 T2,15_9_F_11_T2_2013_03_25.pdf,2,8,398.2,398.2,1.78,319.73,
573,15/9-F-11 T2,15_9_F_11_T2_2013_03_29.pdf,2,1,426.7,426.6,2.55,313.14,
573,15/9-F-11 T2,15_9_F_11_T2_2013_03_29.pdf,2,2,444.6,444.5,2.46,316.3,
574,15/9-F-11 T2,15_9_F_11_T2_2013_03_30.pdf,2,1,485.3,485.2,2.46,319.47,
574,15/9-F-11 T2,15_9_F_11_T2_2013_03_30.pdf,2,2,522.7,522.6,2.57,319.82,
574,15/9-F-11 T2,15_9_F_11_T2_2013_03_30.pdf,2,3,563.1,562.9,2.48,325.09,
574,15/9-F-11 T2,15_9_F_11_T2_2013_03_30.pdf,2,4,603.5,603.3,2.57,324.39,
574,15/9-F-11 T2,15_9_F_11_T2_2013_03_30.pdf,2,5,644,643.8,1.68,292.15,
574,15/9-F-11 T2,15_9_F_11_T2_2013_03_30.pdf,2,6,651.9,651.6,1.5,280.95,
574,15/9-F-11 T2,15_9_F_11_T2_2013_03_30.pdf,2,7,692.4,692.1,2.45,266.71,
574,15/9-F-11 T2,15_9_F_11_T2_2013_03_30.pdf,2,8,732.9,732.5,5.45,240.45,
574,15/9-F-11 T2,15_9_F_11_T2_2013_03_30.pdf,2,9,773,772.3,8.06,234.01,
575,15/9-F-11 T2,15_9_F_11_T2_2013_03_31.pdf,2,1,1015.7,1010.4,10.71,273.81,
575,15/9-F-11 T2,15_9_F_11_T2_2013_03_31.pdf,2,2,1056.1,1050.1,10.6,275.02,
575,15/9-F-11 T2,15_9_F_11_T2_2013_03_31.pdf,2,3,1095.7,1088.9,12.58,287.17,
575,15/9-F-11 T2,15_9_F_11_T2_2013_03_31.pdf,2,4,813.2,812,11.55,238.43,
575,15/9-F-11 T2,15_9_F_11_T2_2013_03_31.pdf,2,5,853.8,851.6,12.87,251.76,
575,15/9-F-11 T2,15_9_F_11_T2_2013_03_31.pdf,2,6,894.2,891.1,12.46,260.17,
575,15/9-F-11 T2,15_9_F_11_T2_2013_03_31.pdf,2,7,934.5,930.5,10.59,261.74,
575,15/9-F-11 T2,15_9_F_11_T2_2013_03_31.pdf,2,8,967.6,963.1,10.64,266.13,
576,15/9-F-11 T2,15_9_F_11_T2_2013_04_01.pdf,1,1,1136.3,1128,17.73,292.51,
576,15/9-F-11 T2,15_9_F_11_T2_2013_04_01.pdf,1,2,1176.7,16,22.38,289.22,
576,15/9-F-11 T2,15_9_F_11_T2_2013_04_01.pdf,1,3,1209.5,1196.3,22.25,286.77,
576,15/9-F-11 T2,15_9_F_11_T2_2013_04_01.pdf,1,4,1256.5,1239.6,23.65,283.62,
576,15/9-F-11 T2,15_9_F_11_T2_2013_04_01.pdf,1,5,1298.2,1278.2,20.95,284.95,
576,15/9-F-11 T2,15_9_F_11_T2_2013_04_01.pdf,1,6,1338.7,1315.9,21.87,283.12,
576,15/9-F-11 T2,15_9_F_11_T2_2013_04_01.pdf,1,7,1344.3,1321.1,22.86,283.32,
590,15/9-F-11 T2,15_9_F_11_T2_2013_04_15.pdf,2,1,1385.2,1358.6,23.67,277.93,
590,15/9-F-11 T2,15_9_F_11_T2_2013_04_15.pdf,2,2,1427.2,1396.6,26.97,267.61,
590,15/9-F-11 T2,15_9_F_11_T2_2013_04_15.pdf,2,3,1467.5,1432.1,29.83,259.66,
590,15/9-F-11 T2,15_9_F_11_T2_2013_04_15.pdf,2,4,1486.2,1448.2,30.96,259.61,
592,15/9-F-11 T2,15_9_F_11_T2_2013_04_17.pdf,2,1,1507.5,1466.3,32.18,258.89,
592,15/9-F-11 T2,15_9_F_11_T2_2013_04_17.pdf,2,2,1548.1,1500.4,34.04,259.4,
592,15/9-F-11 T2,15_9_F_11_T2_2013_04_17.pdf,2,3,1588.6,1533.9,33.98,258.58,
592,15/9-F-11 T2,15_9_F_11_T2_2013_04_17.pdf,2,4,1628.6,1567,34.39,258.19,
592,15/9-F-11 T2,15_9_F_11_T2_2013_04_17.pdf,2,5,1668.7,1600.1,34.35,257.63,
592,15/9-F-11 T2,15_9_F_11_T2_2013_04_17.pdf,2,6,1709.3,1633.6,34.43,257.6,
592,15/9-F-11 T2,15_9_F_11_T2_2013_04_17.pdf,2,7,1750,1667.8,31.41,258.66,
592,15/9-F-11 T2,15_9_F_11_T2_2013_04_17.pdf,2,8,1764,1679.8,30.2,259.27,
593,15/9-F-11 T2,15_9_F_11_T2_2013_04_18.pdf,2,1,1790.3,1702.8,28.25,260.32,
594,15/9-F-11 T2,15_9_F_11_T2_2013_04_19.pdf,2,1,1830.4,1738.6,25.02,261.22,
594,15/9-F-11 T2,15_9_F_11_T2_2013_04_19.pdf,2,2,1870.6,1775.5,21.55,260.33,
594,15/9-F-11 T2,15_9_F_11_T2_2013_04_19.pdf,2,3,1910.9,1813.4,18.65,261.1,
594,15/9-F-11 T2,15_9_F_11_T2_2013_04_19.pdf,2,4,1950.9,1851.6,15.46,264.1,
595,15/9-F-11 T2,15_9_F_11_T2_2013_04_20.pdf,2,1,1992.1,1891.6,11.66,266.24,
595,15/9-F-11 T2,15_9_F_11_T2_2013_04_20.pdf,2,2,2032.4,1931.3,8.11,271.93,
596,15/9-F-11 T2,15_9_F_11_T2_2013_04_21.pdf,2,1,2072.5,1971.1,5.75,285.2,
596,15/9-F-11 T2,15_9_F_11_T2_2013_04_21.pdf,2,2,2095.2,1993.8,4.24,297.12,
596,15/9-F-11 T2,15_9_F_11_T2_2013_04_21.pdf,2,3,2112.8,2011.3,3.09,311.26,
596,15/9-F-11 T2,15_9_F_11_T2_2013_04_21.pdf,2,4,2134.7,2033.2,2.75,335,
596,15/9-F-11 T2,15_9_F_11_T2_2013_04_21.pdf,2,5,2152.9,2051.4,3.55,356.57,
596,15/9-F-11 T2,15_9_F_11_T2_2013_04_21.pdf,2,6,2193.1,2091.4,5.67,33.34,
596,15/9-F-11 T2,15_9_F_11_T2_2013_04_21.pdf,2,7,2234,2132,8.75,52.64,
596,15/9-F-11 T2,15_9_F_11_T2_2013_04_21.pdf,2,8,2274.3,2171.6,12.46,62.25,
596,15/9-F-11 T2,15_9_F_11_T2_2013_04_21.pdf,2,9,2314.3,2210.5,15.1,65.66,
596,15/9-F-11 T2,15_9_F_11_T2_2013_04_21.pdf,2,10,2355.2,2249.6,18.24,66.51,
596,15/9-F-11 T2,15_9_F_11_T2_2013_04_21.pdf,2,11,2395.5,2287.5,21.66,68.45,
596,15/9-F-11 T2,15_9_F_11_T2_2013_04_21.pdf,2,12,2435.6,2324.3,25.01,68.01,
596,15/9-F-11 T2,15_9_F_11_T2_2013_04_21.pdf,2,13,2475.9,2360.3,28.81,66.94,
597,15/9-F-11 T2,15_9_F_11_T2_2013_04_22.pdf,2,1,2516.2,2395.1,31.89,67.2,
597,15/9-F-11 T2,15_9_F_11_T2_2013_04_22.pdf,2,2,2556.4,2428.4,36,68.22,
597,15/9-F-11 T2,15_9_F_11_T2_2013_04_22.pdf,2,3,2559.5,2430.9,36.31,68.07,
604,15/9-F-11 T2,15_9_F_11_T2_2013_04_29.pdf,2,1,2612.2,2472,41.15,70.15,
604,15/9-F-11 T2,15_9_F_11_T2_2013_04_29.pdf,2,2,2651.9,2501,45.1,70.98,
604,15/9-F-11 T2,15_9_F_11_T2_2013_04_29.pdf,2,3,2692.1,2528.4,48.76,71.4,
604,15/9-F-11 T2,15_9_F_11_T2_2013_04_29.pdf,2,4,2732.3,2553.8,52.97,70.96,
604,15/9-F-11 T2,15_9_F_11_T2_2013_04_29.pdf,2,5,2773.1,2577.6,55.77,70.58,
604,15/9-F-11 T2,15_9_F_11_T2_2013_04_29.pdf,2,6,2813,2598.9,59.65,70.32,
604,15/9-F-11 T2,15_9_F_11_T2_2013_04_29.pdf,2,7,2853.6,2618.6,62.12,70.98,
604,15/9-F-11 T2,15_9_F_11_T2_2013_04_29.pdf,2,8,2894.2,2637.2,63.55,70.51,
605,15/9-F-11 T2,15_9_F_11_T2_2013_04_30.pdf,2,1,2934.5,2654.3,66.2,69.89,
605,15/9-F-11 T2,15_9_F_11_T2_2013_04_30.pdf,2,2,2974.8,2669.4,69.8,69.15,
605,15/9-F-11 T2,15_9_F_11_T2_2013_04_30.pdf,2,3,3015.4,2681.7,74.74,70.12,
605,15/9-F-11 T2,15_9_F_11_T2_2013_04_30.pdf,2,4,3055.8,2690.7,79.61,69.88,
605,15/9-F-11 T2,15_9_F_11_T2_2013_04_30.pdf,2,5,3096.2,2697.1,82.08,69.6,
605,15/9-F-11 T2,15_9_F_11_T2_2013_04_30.pdf,2,6,3136.5,2702.7,82.09,69.57,
605,15/9-F-11 T2,15_9_F_11_T2_2013_04_30.pdf,2,7,3176.8,2708.2,82.07,69.11,
605,15/9-F-11 T2,15_9_F_11_T2_2013_04_30.pdf,2,8,3217.1,2713.8,82.13,68.98,
605,15/9-F-11 T2,15_9_F_11_T2_2013_04_30.pdf,2,9,3257.3,2719.3,82.11,69.12,
605,15/9-F-11 T2,15_9_F_11_T2_2013_04_30.pdf,2,10,3297.8,2724.8,82.1,69.01,
606,15/9-F-11 T2,15_9_F_11_T2_2013_05_01.pdf,2,1,3338.8,2730.5,82.1,68.67,
606,15/9-F-11 T2,15_9_F_11_T2_2013_05_01.pdf,2,2,3379,2736,82.13,68.29,
606,15/9-F-11 T2,15_9_F_11_T2_2013_05_01.pdf,2,3,3419.4,2741.5,82.11,68.27,
606,15/9-F-11 T2,15_9_F_11_T2_2013_05_01.pdf,2,4,3458.9,2746.9,82.14,68.13,
606,15/9-F-11 T2,15_9_F_11_T2_2013_05_01.pdf,2,5,3499.2,2752.9,80.85,68.45,
607,15/9-F-11 T2,15_9_F_11_T2_2013_05_02.pdf,2,1,3539.7,2759.7,80.45,68.61,
607,15/9-F-11 T2,15_9_F_11_T2_2013_05_02.pdf,2,2,3580.4,2766.5,80.52,68.69,
607,15/9-F-11 T2,15_9_F_11_T2_2013_05_02.pdf,2,3,3620.8,2773.2,80.28,69.23,
607,15/9-F-11 T2,15_9_F_11_T2_2013_05_02.pdf,2,4,3661.3,2780,80.45,69.89,
607,15/9-F-11 T2,15_9_F_11_T2_2013_05_02.pdf,2,5,3701.5,2786.6,80.51,69.86,
607,15/9-F-11 T2,15_9_F_11_T2_2013_05_02.pdf,2,6,3741.5,2794.4,76.9,69.47,
607,15/9-F-11 T2,15_9_F_11_T2_2013_05_02.pdf,2,7,3782,2805,73.01,68.86,
607,15/9-F-11 T2,15_9_F_11_T2_2013_05_02.pdf,2,8,3822.5,2818,69.52,69.1,
607,15/9-F-11 T2,15_9_F_11_T2_2013_05_02.pdf,2,9,3863.1,2833.7,64.95,69.14,
608,15/9-F-11 T2,15_9_F_11_T2_2013_05_03.pdf,2,1,3903.4,2851.8,61.43,69.19,
608,15/9-F-11 T2,15_9_F_11_T2_2013_05_03.pdf,2,2,3943.4,2872.3,57.01,69.66,
608,15/9-F-11 T2,15_9_F_11_T2_2013_05_03.pdf,2,3,3983.5,2895.7,51.73,69.48,
608,15/9-F-11 T2,15_9_F_11_T2_2013_05_03.pdf,2,4,4023.9,2921.7,47.87,69.37,
608,15/9-F-11 T2,15_9_F_11_T2_2013_05_03.pdf,2,5,4064.1,2949.6,44.54,69.46,
608,15/9-F-11 T2,15_9_F_11_T2_2013_05_03.pdf,2,6,4104.7,2979.4,40.98,69.82,
608,15/9-F-11 T2,15_9_F_11_T2_2013_05_03.pdf,2,7,4145,3010.6,37.34,70.94,
609,15/9-F-11 T2,15_9_F_11_T2_2013_05_04.pdf,2,1,4185.2,3043.5,3,70.68,
609,15/9-F-11 T2,15_9_F_11_T2_2013_05_04.pdf,2,2,4225.4,3077.9,28.91,69.74,
609,15/9-F-11 T2,15_9_F_11_T2_2013_05_04.pdf,2,3,4265.4,3113.5,25.23,69.44,
609,15/9-F-11 T2,15_9_F_11_T2_2013_05_04.pdf,2,4,4305.8,3150.7,20.59,71.45,
609,15/9-F-11 T2,15_9_F_11_T2_2013_05_04.pdf,2,5,4346.1,3189,16.1,72.9,
609,15/9-F-11 T2,15_9_F_11_T2_2013_05_04.pdf,2,6,4386.3,3227.8,13.88,71.6,
609,15/9-F-11 T2,15_9_F_11_T2_2013_05_04.pdf,2,7,4426.9,3267.2,13.86,70.44,
609,15/9-F-11 T2,15_9_F_11_T2_2013_05_04.pdf,2,8,4467.3,3306.5,13.84,69.45,
610,15/9-F-11 T2,15_9_F_11_T2_2013_05_05.pdf,2,1,4507.9,3345.8,14.43,67.69,
610,15/9-F-11 T2,15_9_F_11_T2_2013_05_05.pdf,2,2,4547.6,3384.3,14.42,63.56,
622,15/9-F-12,15_9_F_12_2007_06_15.pdf,1,1,0,0,0,45,
622,15/9-F-12,15_9_F_12_2007_06_15.pdf,1,2,141.7,141.7,.35,248.65,
622,15/9-F-12,15_9_F_12_2007_06_15.pdf,1,3,154.9,154.9,.17,272.11,
622,15/9-F-12,15_9_F_12_2007_06_15.pdf,1,4,166.3,166.3,.28,186.86,
622,15/9-F-12,15_9_F_12_2007_06_15.pdf,1,5,183,183,.15,113.64,
622,15/9-F-12,15_9_F_12_2007_06_15.pdf,1,6,195.2,195.2,.15,195.09,
622,15/9-F-12,15_9_F_12_2007_06_15.pdf,1,7,207.4,207.4,.12,20.76,
622,15/9-F-12,15_9_F_12_2007_06_15.pdf,1,8,222.5,222.5,.09,153.9,
622,15/9-F-12,15_9_F_12_2007_06_15.pdf,1,9,235.7,235.7,.15,162.53,
622,15/9-F-12,15_9_F_12_2007_06_15.pdf,1,10,242.7,242.7,.13,137,
633,15/9-F-12,15_9_F_12_2007_06_26.pdf,2,1,320.9,320.9,.53,81.79,
633,15/9-F-12,15_9_F_12_2007_06_26.pdf,2,2,360.3,360.3,.47,80.36,
633,15/9-F-12,15_9_F_12_2007_06_26.pdf,2,3,400,400,.46,85.96,
633,15/9-F-12,15_9_F_12_2007_06_26.pdf,2,4,440.8,440.7,.52,89.81,
633,15/9-F-12,15_9_F_12_2007_06_26.pdf,2,5,481.6,481.6,.49,98.01,
633,15/9-F-12,15_9_F_12_2007_06_26.pdf,2,6,522.5,522.5,.53,99.53,
635,15/9-F-12,15_9_F_12_2007_06_28.pdf,2,1,154.9,154.9,.17,272.11,
635,15/9-F-12,15_9_F_12_2007_06_28.pdf,2,2,166.3,166.3,.28,186.82,
635,15/9-F-12,15_9_F_12_2007_06_28.pdf,2,3,183,183,.15,113.64,
635,15/9-F-12,15_9_F_12_2007_06_28.pdf,2,4,195.2,195.2,.15,195.09,
635,15/9-F-12,15_9_F_12_2007_06_28.pdf,2,5,207.4,207.4,.12,20.76,
635,15/9-F-12,15_9_F_12_2007_06_28.pdf,2,6,222.5,222.5,.09,153.9,
635,15/9-F-12,15_9_F_12_2007_06_28.pdf,2,7,235.7,235.7,.15,162.53,
635,15/9-F-12,15_9_F_12_2007_06_28.pdf,2,8,280.6,280.6,.24,80.07,
635,15/9-F-12,15_9_F_12_2007_06_28.pdf,2,9,320.9,320.9,.53,81.79,
635,15/9-F-12,15_9_F_12_2007_06_28.pdf,2,10,360.3,360.3,.47,80.36,
635,15/9-F-12,15_9_F_12_2007_06_28.pdf,2,11,400,400,.46,85.96,
635,15/9-F-12,15_9_F_12_2007_06_28.pdf,2,12,440.8,440.7,.52,89.81,
635,15/9-F-12,15_9_F_12_2007_06_28.pdf,2,13,481.6,481.6,.49,98.01,
635,15/9-F-12,15_9_F_12_2007_06_28.pdf,2,14,522.6,522.5,.53,99.53,
635,15/9-F-12,15_9_F_12_2007_06_28.pdf,2,15,563.4,563.4,.5,105.56,
635,15/9-F-12,15_9_F_12_2007_06_28.pdf,2,16,598.9,598.9,.45,102.7,
635,15/9-F-12,15_9_F_12_2007_06_28.pdf,2,17,642.3,642.3,.49,108.27,
635,15/9-F-12,15_9_F_12_2007_06_28.pdf,2,18,683.7,683.7,.46,122.78,
635,15/9-F-12,15_9_F_12_2007_06_28.pdf,2,19,723.3,723.2,.5,136.59,
635,15/9-F-12,15_9_F_12_2007_06_28.pdf,2,20,764.5,764.4,.59,127.45,
635,15/9-F-12,15_9_F_12_2007_06_28.pdf,2,21,805.3,805.3,.62,127.21,
635,15/9-F-12,15_9_F_12_2007_06_28.pdf,2,22,845.4,845.3,.61,132.06,
635,15/9-F-12,15_9_F_12_2007_06_28.pdf,2,23,885.9,885.8,.63,122.92,
636,15/9-F-12,15_9_F_12_2007_06_29.pdf,2,1,1006.3,1006.3,.53,62.27,
636,15/9-F-12,15_9_F_12_2007_06_29.pdf,2,2,1047.8,1047.8,.4,56.76,
636,15/9-F-12,15_9_F_12_2007_06_29.pdf,2,3,1088.2,1088.2,.38,97.58,
636,15/9-F-12,15_9_F_12_2007_06_29.pdf,2,4,1127.8,1127.8,.37,93.02,
636,15/9-F-12,15_9_F_12_2007_06_29.pdf,2,5,926.5,926.5,.27,100.65,
636,15/9-F-12,15_9_F_12_2007_06_29.pdf,2,6,965.8,965.8,1.05,104.59,
637,15/9-F-12,15_9_F_12_2007_06_30.pdf,2,1,1167.2,1167.2,.42,103.91,
637,15/9-F-12,15_9_F_12_2007_06_30.pdf,2,2,1208.6,1208.6,.26,77.43,
637,15/9-F-12,15_9_F_12_2007_06_30.pdf,2,3,1249.2,1249.1,.31,54.26,
637,15/9-F-12,15_9_F_12_2007_06_30.pdf,2,4,1288.9,1288.8,.22,50.57,
637,15/9-F-12,15_9_F_12_2007_06_30.pdf,2,5,1329.6,1329.5,.44,336,
638,15/9-F-12,15_9_F_12_2007_07_01.pdf,2,1,1249.2,1249.1,.31,54.26,
638,15/9-F-12,15_9_F_12_2007_07_01.pdf,2,2,1288.9,1288.8,.22,50.57,
638,15/9-F-12,15_9_F_12_2007_07_01.pdf,2,3,1329.6,1329.5,.44,336,
644,15/9-F-12,15_9_F_12_2007_07_07.pdf,2,1,311.2,311.2,.26,88.83,
644,15/9-F-12,15_9_F_12_2007_07_07.pdf,2,2,351.1,351.1,.35,79.19,
644,15/9-F-12,15_9_F_12_2007_07_07.pdf,2,3,392.3,392.3,.54,75.84,
644,15/9-F-12,15_9_F_12_2007_07_07.pdf,2,4,432.6,432.6,2.27,26.32,
645,15/9-F-12,15_9_F_12_2007_07_08.pdf,2,1,1036.9,1027.2,15.09,271.67,
645,15/9-F-12,15_9_F_12_2007_07_08.pdf,2,2,473.2,473.1,4.79,25.05,
645,15/9-F-12,15_9_F_12_2007_07_08.pdf,2,3,512.1,511.8,7.53,28.01,
645,15/9-F-12,15_9_F_12_2007_07_08.pdf,2,4,553.5,552.8,7.94,34.53,
645,15/9-F-12,15_9_F_12_2007_07_08.pdf,2,5,594.1,593.1,5.58,33.81,
645,15/9-F-12,15_9_F_12_2007_07_08.pdf,2,6,633.5,632.4,5.02,17.2,
645,15/9-F-12,15_9_F_12_2007_07_08.pdf,2,7,672.5,671.2,6.1,349.45,
645,15/9-F-12,15_9_F_12_2007_07_08.pdf,2,8,714.2,712.7,6.77,323.1,
645,15/9-F-12,15_9_F_12_2007_07_08.pdf,2,9,754.7,752.8,7.12,296.52,
645,15/9-F-12,15_9_F_12_2007_07_08.pdf,2,10,794.7,792.4,10.77,281.94,
645,15/9-F-12,15_9_F_12_2007_07_08.pdf,2,11,836.2,833,12.86,276.21,
645,15/9-F-12,15_9_F_12_2007_07_08.pdf,2,12,875.1,870.6,16.24,267.05,
645,15/9-F-12,15_9_F_12_2007_07_08.pdf,2,13,917.4,911.5,13.52,262.01,
645,15/9-F-12,15_9_F_12_2007_07_08.pdf,2,14,957.6,950.6,13.07,260.23,
645,15/9-F-12,15_9_F_12_2007_07_08.pdf,2,15,998.2,989.9,15.73,267.99,
646,15/9-F-12,15_9_F_12_2007_07_09.pdf,2,1,1078.2,1067.2,13.5,270.12,
646,15/9-F-12,15_9_F_12_2007_07_09.pdf,2,2,1118.1,1105.9,14.37,259.76,
646,15/9-F-12,15_9_F_12_2007_07_09.pdf,2,3,1157,1143.2,17.92,253.24,
646,15/9-F-12,15_9_F_12_2007_07_09.pdf,2,4,1198.1,1182,21.46,248.19,
646,15/9-F-12,15_9_F_12_2007_07_09.pdf,2,5,1238.8,1220.3,18.15,254.98,
646,15/9-F-12,15_9_F_12_2007_07_09.pdf,2,6,1274.8,1254.3,20.29,249.9,
646,15/9-F-12,15_9_F_12_2007_07_09.pdf,2,7,1314.5,1292,16.18,250.56,
646,15/9-F-12,15_9_F_12_2007_07_09.pdf,2,8,1344.7,1321.1,15.54,249.52,
659,15/9-F-12,15_9_F_12_2007_07_22.pdf,2,1,1393.6,1368,16.99,246.96,
659,15/9-F-12,15_9_F_12_2007_07_22.pdf,2,2,1407.3,1381,17.83,245.6,
660,15/9-F-12,15_9_F_12_2007_07_23.pdf,2,1,1446.8,1418.2,21.46,241.13,
660,15/9-F-12,15_9_F_12_2007_07_23.pdf,2,2,1485.5,1454.1,22.31,238.98,
661,15/9-F-12,15_9_F_12_2007_07_24.pdf,2,1,1525.8,1491.6,20.46,242.79,
661,15/9-F-12,15_9_F_12_2007_07_24.pdf,2,2,1568.2,1531.2,21.47,250.59,
661,15/9-F-12,15_9_F_12_2007_07_24.pdf,2,3,1608.1,1568.3,22.43,254.31,
661,15/9-F-12,15_9_F_12_2007_07_24.pdf,2,4,1648.4,1605.4,23.37,253.44,
661,15/9-F-12,15_9_F_12_2007_07_24.pdf,2,5,1689.1,1642.7,23.69,253.02,
661,15/9-F-12,15_9_F_12_2007_07_24.pdf,2,6,1728.5,1678.8,23.77,253.5,
661,15/9-F-12,15_9_F_12_2007_07_24.pdf,2,7,1770.6,1717.4,23.62,253.27,
661,15/9-F-12,15_9_F_12_2007_07_24.pdf,2,8,1810.1,1753.5,23.39,252.75,
662,15/9-F-12,15_9_F_12_2007_07_25.pdf,2,1,1850.7,1790.8,23.31,252.9,
662,15/9-F-12,15_9_F_12_2007_07_25.pdf,2,2,1891.6,1828.3,23.54,253.34,
662,15/9-F-12,15_9_F_12_2007_07_25.pdf,2,3,1932.2,1865.6,23.6,253.84,
662,15/9-F-12,15_9_F_12_2007_07_25.pdf,2,4,1970.3,1900.6,22.92,254.39,
662,15/9-F-12,15_9_F_12_2007_07_25.pdf,2,5,2011,1938.5,20.07,251.86,
662,15/9-F-12,15_9_F_12_2007_07_25.pdf,2,6,2051.1,1976.4,17.43,248.19,
662,15/9-F-12,15_9_F_12_2007_07_25.pdf,2,7,2091.5,2015.3,14.36,246.64,
663,15/9-F-12,15_9_F_12_2007_07_26.pdf,2,1,2132.1,2054.8,11.5,243.38,
663,15/9-F-12,15_9_F_12_2007_07_26.pdf,2,2,2172.8,2094.8,9.85,233.9,
663,15/9-F-12,15_9_F_12_2007_07_26.pdf,2,3,2213.4,2134.9,9.25,215.05,
663,15/9-F-12,15_9_F_12_2007_07_26.pdf,2,4,2253.1,2174.1,9.12,194.63,
663,15/9-F-12,15_9_F_12_2007_07_26.pdf,2,5,2292.6,2213,10.2,176.3,
663,15/9-F-12,15_9_F_12_2007_07_26.pdf,2,6,2333.7,2253.4,11.11,160.73,
663,15/9-F-12,15_9_F_12_2007_07_26.pdf,2,7,2372.2,2291.1,12.74,151.46,
664,15/9-F-12,15_9_F_12_2007_07_27.pdf,2,1,2412.6,2330.3,15.33,142.93,
664,15/9-F-12,15_9_F_12_2007_07_27.pdf,2,2,2454.3,2370.4,17.21,135.97,
667,15/9-F-12,15_9_F_12_2007_07_30.pdf,2,1,2493.7,2407.8,19.27,129.52,
667,15/9-F-12,15_9_F_12_2007_07_30.pdf,2,2,2536.1,2447.5,20.86,125.56,
680,15/9-F-12,15_9_F_12_2007_08_12.pdf,2,1,2577,2486,2,125.92,
681,15/9-F-12,15_9_F_12_2007_08_13.pdf,2,1,2617.9,2523.2,26.64,124.65,
681,15/9-F-12,15_9_F_12_2007_08_13.pdf,2,2,2658.3,2558.6,30.86,121.61,
681,15/9-F-12,15_9_F_12_2007_08_13.pdf,2,3,2699.1,2593.2,33.41,117.41,
682,15/9-F-12,15_9_F_12_2007_08_14.pdf,2,1,2738.8,2625.7,36.82,115.77,
682,15/9-F-12,15_9_F_12_2007_08_14.pdf,2,2,2779.3,2657,41.55,113.83,
682,15/9-F-12,15_9_F_12_2007_08_14.pdf,2,3,2820,2686.5,45.63,112.36,
683,15/9-F-12,15_9_F_12_2007_08_15.pdf,2,1,2860,2713.5,49.5,108.88,
683,15/9-F-12,15_9_F_12_2007_08_15.pdf,2,2,2900.5,2739.1,52.08,104.36,
683,15/9-F-12,15_9_F_12_2007_08_15.pdf,2,3,2939.7,2762.8,53.78,102.53,
684,15/9-F-12,15_9_F_12_2007_08_16.pdf,2,1,2980.3,2786.5,54.65,103.04,
685,15/9-F-12,15_9_F_12_2007_08_17.pdf,2,1,3008.6,2802.8,55.25,103.4,
685,15/9-F-12,15_9_F_12_2007_08_17.pdf,2,2,3060.6,2832.6,54.85,99.95,
686,15/9-F-12,15_9_F_12_2007_08_18.pdf,2,1,3081.3,2844.5,54.36,97.21,
691,15/9-F-12,15_9_F_12_2007_08_23.pdf,2,1,3136.6,2877,53.7,95.71,
691,15/9-F-12,15_9_F_12_2007_08_23.pdf,2,2,3172.5,2898.3,53.76,98.14,
692,15/9-F-12,15_9_F_12_2007_08_24.pdf,2,1,3216.4,2924.1,53.72,101.3,
692,15/9-F-12,15_9_F_12_2007_08_24.pdf,2,2,3257.1,2948.4,53.2,103.39,
692,15/9-F-12,15_9_F_12_2007_08_24.pdf,2,3,3297.4,2972.5,53.67,105.77,
692,15/9-F-12,15_9_F_12_2007_08_24.pdf,2,4,3337.6,2996.5,52.96,107.03,
692,15/9-F-12,15_9_F_12_2007_08_24.pdf,2,5,3375.4,3019.3,52.87,106.59,
692,15/9-F-12,15_9_F_12_2007_08_24.pdf,2,6,3416.6,3044.1,53,107.02,
692,15/9-F-12,15_9_F_12_2007_08_24.pdf,2,7,3456.2,3068,52.83,106.74,
692,15/9-F-12,15_9_F_12_2007_08_24.pdf,2,8,3495.5,3091.8,52.73,105.59,
800,15/9-F-14,15_9_F_14_2007_12_07.pdf,2,1,196.8,196.8,.29,327.63,
800,15/9-F-14,15_9_F_14_2007_12_07.pdf,2,2,209,209,.27,334.05,
800,15/9-F-14,15_9_F_14_2007_12_07.pdf,2,3,233.3,233.3,.44,24.15,
800,15/9-F-14,15_9_F_14_2007_12_07.pdf,2,4,259.5,259.5,1.14,52.89,
800,15/9-F-14,15_9_F_14_2007_12_07.pdf,2,5,299.6,299.6,2.11,57.9,
800,15/9-F-14,15_9_F_14_2007_12_07.pdf,2,6,340.3,340.3,1,58.25,
800,15/9-F-14,15_9_F_14_2007_12_07.pdf,2,7,380.8,380.7,2.9,86.12,
800,15/9-F-14,15_9_F_14_2007_12_07.pdf,2,8,420.3,420.1,5.1,84.8,
800,15/9-F-14,15_9_F_14_2007_12_07.pdf,2,9,460.2,459.9,4.05,80.32,
800,15/9-F-14,15_9_F_14_2007_12_07.pdf,2,10,500.5,500.1,4.05,56.67,
800,15/9-F-14,15_9_F_14_2007_12_07.pdf,2,11,541,540.6,2.73,33.21,
800,15/9-F-14,15_9_F_14_2007_12_07.pdf,2,12,581.3,580.8,1.41,351.99,
801,15/9-F-14,15_9_F_14_2007_12_08.pdf,2,1,1025.1,1024.6,.26,98.68,
801,15/9-F-14,15_9_F_14_2007_12_08.pdf,2,2,1065.7,1065.2,.18,168.91,
801,15/9-F-14,15_9_F_14_2007_12_08.pdf,2,3,622.1,621.6,.26,105.98,
801,15/9-F-14,15_9_F_14_2007_12_08.pdf,2,4,662.2,661.7,.18,21.34,
801,15/9-F-14,15_9_F_14_2007_12_08.pdf,2,5,702.6,702.1,.18,29.87,
801,15/9-F-14,15_9_F_14_2007_12_08.pdf,2,6,742.7,742.2,.18,91.39,
801,15/9-F-14,15_9_F_14_2007_12_08.pdf,2,7,783.1,782.6,.18,130.06,
801,15/9-F-14,15_9_F_14_2007_12_08.pdf,2,8,823.5,823,.35,124.44,
801,15/9-F-14,15_9_F_14_2007_12_08.pdf,2,9,864.1,863.6,.79,154.67,
801,15/9-F-14,15_9_F_14_2007_12_08.pdf,2,10,891.5,891,.27,151.83,
801,15/9-F-14,15_9_F_14_2007_12_08.pdf,2,11,944.5,944,.18,196.24,
801,15/9-F-14,15_9_F_14_2007_12_08.pdf,2,12,984.9,984.4,.35,135.16,
812,15/9-F-14,15_9_F_14_2008_05_12.pdf,2,1,1065.7,1064.3,.18,168.91,
812,15/9-F-14,15_9_F_14_2008_05_12.pdf,2,2,1096.5,1095.1,.23,241.47,
812,15/9-F-14,15_9_F_14_2008_05_12.pdf,2,3,1177.3,1175.9,.1,23.17,
813,15/9-F-14,15_9_F_14_2008_05_13.pdf,2,1,1257.8,1256.4,.06,180.93,
813,15/9-F-14,15_9_F_14_2008_05_13.pdf,2,2,1337.3,1336.8,.08,79.48,
813,15/9-F-14,15_9_F_14_2008_05_13.pdf,2,3,1418.3,1417.8,.1,181.35,
813,15/9-F-14,15_9_F_14_2008_05_13.pdf,2,4,1500.8,1500.3,.1,243.88,
813,15/9-F-14,15_9_F_14_2008_05_13.pdf,2,5,1581.1,1580.6,.1,138,
813,15/9-F-14,15_9_F_14_2008_05_13.pdf,2,6,1662.1,1661.6,.08,140.33,
814,15/9-F-14,15_9_F_14_2008_05_14.pdf,2,1,1581.1,1580.6,.1,138,
814,15/9-F-14,15_9_F_14_2008_05_14.pdf,2,2,1662.1,1661.6,.08,140.33,
814,15/9-F-14,15_9_F_14_2008_05_14.pdf,2,3,1742,1741.5,.1,232.58,
814,15/9-F-14,15_9_F_14_2008_05_14.pdf,2,4,1823.1,1822.6,.13,208.12,
814,15/9-F-14,15_9_F_14_2008_05_14.pdf,2,5,1903.1,1902.6,.1,52.44,
814,15/9-F-14,15_9_F_14_2008_05_14.pdf,2,6,1984.5,1984.1,.09,83.07,
814,15/9-F-14,15_9_F_14_2008_05_14.pdf,2,7,2065.9,2065.5,.09,126.97,
814,15/9-F-14,15_9_F_14_2008_05_14.pdf,2,8,2146.2,2145.7,2.38,12.69,
814,15/9-F-14,15_9_F_14_2008_05_14.pdf,2,9,2186.3,2185.7,5.6,18.72,
815,15/9-F-14,15_9_F_14_2008_05_15.pdf,2,1,2227.5,2225.6,8.6,20.27,
823,15/9-F-14,15_9_F_14_2008_05_23.pdf,2,1,2307.3,2305.4,8.87,23.3,
823,15/9-F-14,15_9_F_14_2008_05_23.pdf,2,2,2343,2340.6,10.85,28.36,
823,15/9-F-14,15_9_F_14_2008_05_23.pdf,2,3,2383.3,2380.1,13.12,29.73,
823,15/9-F-14,15_9_F_14_2008_05_23.pdf,2,4,2424.3,2419.8,15.71,30.19,
823,15/9-F-14,15_9_F_14_2008_05_23.pdf,2,5,2464.6,2458.3,17.84,34.46,
823,15/9-F-14,15_9_F_14_2008_05_23.pdf,2,6,2505.1,2496.6,20.44,44.86,
823,15/9-F-14,15_9_F_14_2008_05_23.pdf,2,7,2545.5,2533.9,25,52.09,
823,15/9-F-14,15_9_F_14_2008_05_23.pdf,2,8,2586,2569.9,29.41,57.69,
824,15/9-F-14,15_9_F_14_2008_05_24.pdf,2,1,2626.4,2604.4,33.11,55.23,
824,15/9-F-14,15_9_F_14_2008_05_24.pdf,2,2,2673.9,2643.2,37.39,54.82,
824,15/9-F-14,15_9_F_14_2008_05_24.pdf,2,3,2707,2669,39.85,55.29,
824,15/9-F-14,15_9_F_14_2008_05_24.pdf,2,4,2747.2,2699.8,40.19,55.74,
824,15/9-F-14,15_9_F_14_2008_05_24.pdf,2,5,2788,2731,40.19,55.74,
842,15/9-F-14,15_9_F_14_2008_06_11.pdf,2,1,2790.4,2733.6,39.56,54.98,
842,15/9-F-14,15_9_F_14_2008_06_11.pdf,2,2,2830.8,2763.7,40.36,57.3,
843,15/9-F-14,15_9_F_14_2008_06_12.pdf,2,1,2870.9,2791.2,49.28,59.12,
843,15/9-F-14,15_9_F_14_2008_06_12.pdf,2,2,2911.5,2816.4,54.4,59.01,
843,15/9-F-14,15_9_F_14_2008_06_12.pdf,2,3,2950.8,2837.6,60.08,58.76,
843,15/9-F-14,15_9_F_14_2008_06_12.pdf,2,4,2991.5,2856.6,64.34,59.52,
843,15/9-F-14,15_9_F_14_2008_06_12.pdf,2,5,3032.2,2873.4,66.85,65.62,
844,15/9-F-14,15_9_F_14_2008_06_13.pdf,2,1,3072.8,2888.5,69.7,71.1,
844,15/9-F-14,15_9_F_14_2008_06_13.pdf,2,2,3112.4,2901.5,71.9,73.97,
844,15/9-F-14,15_9_F_14_2008_06_13.pdf,2,3,3153.5,2913.3,74.71,74.92,
844,15/9-F-14,15_9_F_14_2008_06_13.pdf,2,4,3193.7,2922.9,77.75,78.46,
844,15/9-F-14,15_9_F_14_2008_06_13.pdf,2,5,3233.2,2930.2,80.75,81.97,
844,15/9-F-14,15_9_F_14_2008_06_13.pdf,2,6,3273.3,2936.6,81.08,85.25,
845,15/9-F-14,15_9_F_14_2008_06_14.pdf,2,1,3315,2944.5,76.91,85.46,
845,15/9-F-14,15_9_F_14_2008_06_14.pdf,2,2,3355.4,2955.4,71.94,85.7,
845,15/9-F-14,15_9_F_14_2008_06_14.pdf,2,3,3395.9,2968.1,71.34,85.44,
845,15/9-F-14,15_9_F_14_2008_06_14.pdf,2,4,3436.2,2982.1,67.98,86.53,
845,15/9-F-14,15_9_F_14_2008_06_14.pdf,2,5,3476.5,2998.1,65.26,89.03,
845,15/9-F-14,15_9_F_14_2008_06_14.pdf,2,6,3514.8,3015.2,61.86,89.99,
845,15/9-F-14,15_9_F_14_2008_06_14.pdf,2,7,3556,3036.1,57.08,91.4,
846,15/9-F-14,15_9_F_14_2008_06_15.pdf,2,1,3596.2,3059.5,51.69,92.76,
846,15/9-F-14,15_9_F_14_2008_06_15.pdf,2,2,3638.1,3086.3,48.65,94.05,
846,15/9-F-14,15_9_F_14_2008_06_15.pdf,2,3,3678.4,3112.7,49.69,93.65,
846,15/9-F-14,15_9_F_14_2008_06_15.pdf,2,4,3718.8,3138.7,50.17,93.8,
846,15/9-F-14,15_9_F_14_2008_06_15.pdf,2,5,3729.9,3145.8,50.26,93.74,
925,15/9-F-15,15_9_F_15_2007_12_24.pdf,2,1,220.6,220.6,.18,207.84,
925,15/9-F-15,15_9_F_15_2007_12_24.pdf,2,2,301,301,.88,136.04,
925,15/9-F-15,15_9_F_15_2007_12_24.pdf,2,3,382,381.8,5.81,121.71,
925,15/9-F-15,15_9_F_15_2007_12_24.pdf,2,4,422.4,422,5.81,136.13,
925,15/9-F-15,15_9_F_15_2007_12_24.pdf,2,5,462.8,462.2,5.63,145.18,
925,15/9-F-15,15_9_F_15_2007_12_24.pdf,2,6,502.9,502.1,6.51,160.74,
926,15/9-F-15,15_9_F_15_2007_12_25.pdf,2,1,1026.5,1014.4,16.54,200.2,
926,15/9-F-15,15_9_F_15_2007_12_25.pdf,2,2,1067.3,1053.5,16.36,202.22,
926,15/9-F-15,15_9_F_15_2007_12_25.pdf,2,3,543,541.9,6.95,173.57,
926,15/9-F-15,15_9_F_15_2007_12_25.pdf,2,4,583.1,581.7,7.92,174.71,
926,15/9-F-15,15_9_F_15_2007_12_25.pdf,2,5,623.2,621.4,8.27,173.66,
926,15/9-F-15,15_9_F_15_2007_12_25.pdf,2,6,663.5,661.2,8.97,177.61,
926,15/9-F-15,15_9_F_15_2007_12_25.pdf,2,7,704,701.2,9.15,174.89,
926,15/9-F-15,15_9_F_15_2007_12_25.pdf,2,8,730.6,727.5,9.92,181.3,
926,15/9-F-15,15_9_F_15_2007_12_25.pdf,2,9,784.5,780.4,11.7,190.53,
926,15/9-F-15,15_9_F_15_2007_12_25.pdf,2,10,824.8,819.8,13.11,199.41,
926,15/9-F-15,15_9_F_15_2007_12_25.pdf,2,11,865.3,859,15.84,202.04,
926,15/9-F-15,15_9_F_15_2007_12_25.pdf,2,12,905.7,898,14.6,202.13,
926,15/9-F-15,15_9_F_15_2007_12_25.pdf,2,13,945.7,936.7,13.9,205.38,
926,15/9-F-15,15_9_F_15_2007_12_25.pdf,2,14,986.4,976,16.72,200.64,
927,15/9-F-15,15_9_F_15_2007_12_26.pdf,2,1,1107.4,1091.9,17.51,212.94,
927,15/9-F-15,15_9_F_15_2007_12_26.pdf,2,2,1147.6,1130.1,18.56,220.94,
927,15/9-F-15,15_9_F_15_2007_12_26.pdf,2,3,1187.8,1168.4,17.07,231.49,
927,15/9-F-15,15_9_F_15_2007_12_26.pdf,2,4,1228.1,1207.1,15.48,233.42,
927,15/9-F-15,15_9_F_15_2007_12_26.pdf,2,5,1268.3,1245.6,18.02,235.35,
927,15/9-F-15,15_9_F_15_2007_12_26.pdf,2,6,1308.7,1283.7,20.94,240.98,
927,15/9-F-15,15_9_F_15_2007_12_26.pdf,2,7,1361.7,1332.2,26.39,242.91,
989,15/9-F-15 A,15_9_F_15_A_2008_12_12.pdf,1,1,1383.5,1353.9,26.5,241.47,
989,15/9-F-15 A,15_9_F_15_A_2008_12_12.pdf,1,2,1463.9,1427.1,23.01,217.47,
989,15/9-F-15 A,15_9_F_15_A_2008_12_12.pdf,1,3,1502.7,1463.1,20.7,206.11,
990,15/9-F-15 A,15_9_F_15_A_2008_12_13.pdf,2,1,1544.7,1502.5,20.59,191.38,
990,15/9-F-15 A,15_9_F_15_A_2008_12_13.pdf,2,2,1585.1,1540.3,20.99,178.97,
990,15/9-F-15 A,15_9_F_15_A_2008_12_13.pdf,2,3,1625.7,1578.1,21.09,170.74,
990,15/9-F-15 A,15_9_F_15_A_2008_12_13.pdf,2,4,1665.8,1615.7,20.92,158.84,
990,15/9-F-15 A,15_9_F_15_A_2008_12_13.pdf,2,5,1705.9,1652.9,22.42,151.37,
990,15/9-F-15 A,15_9_F_15_A_2008_12_13.pdf,2,6,1746.3,1689.9,24.93,148.42,
990,15/9-F-15 A,15_9_F_15_A_2008_12_13.pdf,2,7,1786.8,1726.2,27.61,144.53,
991,15/9-F-15 A,15_9_F_15_A_2008_12_14.pdf,2,1,1826.8,1761.6,39.95,144.09,
991,15/9-F-15 A,15_9_F_15_A_2008_12_14.pdf,2,2,1868,1798.1,41.28,144.1,
991,15/9-F-15 A,15_9_F_15_A_2008_12_14.pdf,2,3,1908.3,1833.9,40.27,143.98,
991,15/9-F-15 A,15_9_F_15_A_2008_12_14.pdf,2,4,1948.2,1869.4,39.85,144.66,
991,15/9-F-15 A,15_9_F_15_A_2008_12_14.pdf,2,5,1988.7,1905.4,40.53,144.42,
991,15/9-F-15 A,15_9_F_15_A_2008_12_14.pdf,2,6,2028.5,1940.7,39.85,146,
991,15/9-F-15 A,15_9_F_15_A_2008_12_14.pdf,2,7,2068.6,1976.2,40.03,150.64,
992,15/9-F-15 A,15_9_F_15_A_2008_12_15.pdf,2,1,2109.7,2013,41.13,156.28,
992,15/9-F-15 A,15_9_F_15_A_2008_12_15.pdf,2,2,2150.1,2049.4,40.4,164.2,
992,15/9-F-15 A,15_9_F_15_A_2008_12_15.pdf,2,3,2190.6,2086.3,40.51,171.6,
992,15/9-F-15 A,15_9_F_15_A_2008_12_15.pdf,2,4,2231.1,2123.3,40.48,175.69,
992,15/9-F-15 A,15_9_F_15_A_2008_12_15.pdf,2,5,2271.4,2160,40.27,182.68,
992,15/9-F-15 A,15_9_F_15_A_2008_12_15.pdf,2,6,2311.3,2196.5,39.95,188.6,
992,15/9-F-15 A,15_9_F_15_A_2008_12_15.pdf,2,7,2351.5,23,40.22,194.06,
992,15/9-F-15 A,15_9_F_15_A_2008_12_15.pdf,2,8,2392,2269.5,40.42,202.6,
993,15/9-F-15 A,15_9_F_15_A_2008_12_16.pdf,2,1,2431.4,2304.8,27.16,209.96,
993,15/9-F-15 A,15_9_F_15_A_2008_12_16.pdf,2,2,2472.5,2341.2,28.2,217.51,
993,15/9-F-15 A,15_9_F_15_A_2008_12_16.pdf,2,3,2513.5,2377,30.42,224.45,
993,15/9-F-15 A,15_9_F_15_A_2008_12_16.pdf,2,4,2554,2411.4,33.23,229.45,
993,15/9-F-15 A,15_9_F_15_A_2008_12_16.pdf,2,5,2576.2,2429.7,35.45,230.79,
