equipment_failure_id,start_time,depth_mmd,system_class,downtime_min,repaired_time,remark,ner_entities,ner_depths,ner_equipment,ner_measurements,ner_time_refs,report_id
1,00:00,36.0,pipe handling equ syst -- drill floor tube handl syst,0.0,00:00,Hydraulic leakage on AFT Iron roughneck.,"{""depths"": [], ""equipment"": [""iron roughneck""], ""measurements"": [], ""time_refs"": []}",[],"[""iron roughneck""]",[],[],381
2,00:00,231.0,pipe handling eq u syst -- other,0.0,00:00,"When drilling 26"" hole section it was observed that the PS-21 slips was damaged. One of the guides where partly loose and a bolt was damaged. The P S-21 was removed for repair and the operation continued using manual slips. Repaired PS-21 and re-inserted in","{""depths"": [], ""equipment"": [""slips""], ""measurements"": [], ""time_refs"": []}",[],"[""slips""]",[],[],382
3,00:00,497.0,pipe handling equ syst -- elevator,0.0,00:00,"Loose link tilt clamps, needed tightening.","{""depths"": [], ""equipment"": [], ""measurements"": [], ""time_refs"": []}",[],[],[],[],389
4,00:00,136.0,hoisting equ -- top drive,0.0,00:00,Worn centralizing liners on TDS. Scores on DP couplings.,"{""depths"": [], ""equipment"": [""tds""], ""measurements"": [], ""time_refs"": []}",[],"[""tds""]",[],[],391
5,00:00,115.0,pipe handling equ syst -- other,0.0,00:00,Broken bolt on PS-21 slips actuator.,"{""depths"": [], ""equipment"": [""slips""], ""measurements"": [], ""time_refs"": []}",[],"[""slips""]",[],[],392
6,00:00,2062.0,miscellaneous equ syst -- other,0.0,00:00,Had to stop drilling and pick off bottom to cleat CRI and conveyers.,"{""depths"": [], ""equipment"": [], ""measurements"": [], ""time_refs"": []}",[],[],[],[],396
7,00:00,85.0,pipe handling equ syst -- vertical pipe handling equ sy st,0.0,00:00,"Låse finger på fingerbord i derrick virket ikke. Fingere stod fast, 1t nedetid.","{""depths"": [], ""equipment"": [], ""measurements"": [], ""time_refs"": []}",[],[],[],[],399
8,00:00,2385.0,mud and bulk syst -- mud supply,0.0,00:00,Wash out in mud pump piston and lost suctoin.,"{""depths"": [], ""equipment"": [], ""measurements"": [], ""time_refs"": []}",[],[],[],[],402
9,00:00,1382.0,pipe handling equ syst -- vertical pipe handling equ syst,0.0,00:00,Fikk ikke operert øvre / nedre arm på fremre PRS,"{""depths"": [], ""equipment"": [""prs""], ""measurements"": [], ""time_refs"": []}",[],"[""prs""]",[],[],402
10,00:00,0.0,service equ -- cementing u nit,0.0,00:00,"Forsøkte å lekkasjeteste 13 3/8"" foringsrør til 300 bar; trykket lakk av på 90 bar og stabiliserte seg på 67 bar.","{""depths"": [], ""equipment"": [], ""measurements"": [""300 bar"", ""90 bar"", ""67 bar""], ""time_refs"": []}",[],[],"[""300 bar"", ""90 bar"", ""67 bar""]",[],405
11,00:00,2825.0,service equ -- spe cial service equ,0.0,00:00,"Schlumberger Xceed tool failed while drilling 12 1/4"" hole. The tool was set in a HIA mode (Hold Inc, Az.) from 2626 - 2773 m. Suspicions were arouse d when a slight build tendency was seen and the Xceed did not counteract. The Xceed was then set into a 10%","{""depths"": [""2773 m""], ""equipment"": [], ""measurements"": [], ""time_refs"": []}","[""2773 m""]",[],[],[],408
12,00:00,2758.0,drill floor -- drilling control,0.0,00:00,Shut down on mudpumps. Troubleshot on mudpump. 1/2 hour operational downtime.,"{""depths"": [], ""equipment"": [], ""measurements"": [], ""time_refs"": []}",[],[],[],[],408
13,00:00,2595.0,drill floor -- draw w orks,0.0,00:00,Troubleshoot on draw-work motor # 4.,"{""depths"": [], ""equipment"": [], ""measurements"": [], ""time_refs"": []}",[],[],[],[],408
14,00:00,192.0,drill floor -- draw works,0.0,00:00,Changed encoder on DW motor #2,"{""depths"": [], ""equipment"": [], ""measurements"": [], ""time_refs"": []}",[],[],[],[],411
15,00:00,178.0,miscellaneous equ syst -- other,0.0,00:00,Stuck Drill collar in fingerboard.,"{""depths"": [], ""equipment"": [], ""measurements"": [], ""time_refs"": []}",[],[],[],[],414
16,00:00,3437.0,mud and bulk syst -- mud supply,0.0,00:00,"Troubleshot on mudpumps #1 and 2. Repaird liner spray. 1,5 hour operational downtime.","{""depths"": [], ""equipment"": [], ""measurements"": [], ""time_refs"": []}",[],[],[],[],414
17,00:00,2595.0,miscellaneous equ syst -- other,0.0,00:00,Repair hydraulic leak at Iron roughneck,"{""depths"": [], ""equipment"": [""iron roughneck""], ""measurements"": [], ""time_refs"": []}",[],"[""iron roughneck""]",[],[],416
18,00:00,180.0,service equ -- cementing unit,0.0,00:00,"Leak at cement unit, while pressure test BOP. Repaired leakage. 2 hours operational downtime.","{""depths"": [], ""equipment"": [""bop""], ""measurements"": [], ""time_refs"": []}",[],"[""bop""]",[],[],416
19,00:00,84.0,service equ -- special service equ,0.0,00:00,Powerdrive,"{""depths"": [], ""equipment"": [], ""measurements"": [], ""time_refs"": []}",[],[],[],[],420
20,00:00,3422.0,pipe handling equ syst -- drill floor tube handl syst,0.0,00:00,"An oil leakage was observed on the aft IR (iron roughneck) during drilling. The operation was halted and the leakage was r epaired by the hydraulic mechanic. Downtime 0,75 hrs.","{""depths"": [], ""equipment"": [""iron roughneck""], ""measurements"": [], ""time_refs"": []}",[],"[""iron roughneck""]",[],[],423
21,00:00,2369.0,drill floor -- draw works,0.0,00:00,Hard trip on drawwork.,"{""depths"": [], ""equipment"": [], ""measurements"": [], ""time_refs"": []}",[],[],[],[],425
22,00:00,3863.0,hoisting equ -- top drive,0.0,00:00,Temporary fix on air blower hose on TDS. The hose was buckled which may cause unsufficient cooling on T DS motors.,"{""depths"": [], ""equipment"": [""tds""], ""measurements"": [], ""time_refs"": []}",[],"[""tds""]",[],[],426
23,00:00,4549.0,mud and bulk syst -- other,0.0,00:00,Leaking / washed out flange adaptor on DCI manifold end flange.,"{""depths"": [], ""equipment"": [], ""measurements"": [], ""time_refs"": []}",[],[],[],[],427
24,00:00,4633.0,mud and bulk syst -- mud supply,0.0,00:00,Problems with liner spray system.,"{""depths"": [], ""equipment"": [], ""measurements"": [], ""time_refs"": []}",[],[],[],[],428
25,00:00,4790.0,hoisting equ -- top drive,0.0,00:00,Changed gearbox oil on TDS.,"{""depths"": [], ""equipment"": [""tds""], ""measurements"": [], ""time_refs"": []}",[],"[""tds""]",[],[],428
26,00:00,3420.0,hoisting equ -- top drive,0.0,00:00,Changed filter on TDS gearbox.,"{""depths"": [], ""equipment"": [""tds""], ""measurements"": [], ""time_refs"": []}",[],"[""tds""]",[],[],431
27,00:00,4958.0,hoisting equ -- top drive,0.0,00:00,Leakage on TDS mounted link til cyliner. Recessed drilling. Cylinder was dismounted for repair.,"{""depths"": [], ""equipment"": [""tds""], ""measurements"": [], ""time_refs"": []}",[],"[""tds""]",[],[],432
28,00:00,326.0,pipe handling equ syst -- other,0.0,00:00,Hydraulic leak in PS-21 slips.,"{""depths"": [], ""equipment"": [""slips""], ""measurements"": [], ""time_refs"": []}",[],"[""slips""]",[],[],434
29,00:00,1360.0,pipe handling equ syst -- vertical pipe handling equ syst,0.0,00:00,Problems with aft PRS claw.,"{""depths"": [], ""equipment"": [""prs""], ""measurements"": [], ""time_refs"": []}",[],"[""prs""]",[],[],434
30,00:00,1440.0,pipe handling equ syst -- drill floor tube ha ndl syst,0.0,00:00,"Guide wheels on Weatherford 13 3/8"" casing tong could not run along dedicated railes. had to modify wheels.","{""depths"": [], ""equipment"": [""casing""], ""measurements"": [], ""time_refs"": []}",[],"[""casing""]",[],[],443
31,00:00,1399.0,pipe handling equ syst -- drill floor tube ha ndl syst,0.0,00:00,Conveyer belt did not work. Reparation carried out.,"{""depths"": [], ""equipment"": [], ""measurements"": [], ""time_refs"": []}",[],[],[],[],443
32,00:00,25.0,miscellaneous equ sys t -- other,0.0,00:00,Incorrect allignment - unable to pass through hatch on weather deck,"{""depths"": [], ""equipment"": [], ""measurements"": [], ""time_refs"": []}",[],[],[],[],463
33,00:00,0.0,pipe handling equ syst -- elevator,0.0,00:00,"Casing running equipment not fit for purpose. 12 ft bails did not fit to 30"" hydraulic elevator.","{""depths"": [], ""equipment"": [""casing running equipment"", ""elevator"", ""casing""], ""measurements"": [], ""time_refs"": []}",[],"[""casing running equipment"", ""elevator"", ""casing""]",[],[],463
34,00:00,0.0,pipe handling equ syst -- other,0.0,00:00,"Casing running equipment not fit for purpose - ID slips 32.5"", OD conductor connector 33.17""","{""depths"": [], ""equipment"": [""casing running equipment"", ""casing"", ""slips""], ""measurements"": [], ""time_refs"": []}",[],"[""casing running equipment"", ""casing"", ""slips""]",[],[],463
35,00:00,14.0,miscellaneous equ sys t -- other,0.0,00:00,Casing running equipment not fit for purpose.,"{""depths"": [], ""equipment"": [""casing running equipment"", ""casing""], ""measurements"": [], ""time_refs"": []}",[],"[""casing running equipment"", ""casing""]",[],[],463
36,00:00,22.0,service equ -- special service equ,0.0,00:00,At approximately 17:30 the failed Ontrack tool was at surface and broking out. At this point seal on OnTrack was seen to be out betw een modular stabulizer and OnTrack. Stopped the job. DD advised that this could be caused by a leaking/exploded lithium ba,"{""depths"": [], ""equipment"": [""ontrack""], ""measurements"": [], ""time_refs"": [""17:30""]}",[],"[""ontrack""]",[],"[""17:30""]",463
37,00:00,213.0,hoisting equ -- top driv e,0.0,00:00,"Details will follow as soons as they are available: At 01:15 half of two piece Pipe Handler Stabbing Guide below saver sub fell from top drive - No harm to personal. Pipe Handler Drill Pipe Guide fell from approximately 8 m, weight estimated 5 kg. Eval","{""depths"": [""8 m""], ""equipment"": [""pipe handler"", ""top drive""], ""measurements"": [], ""time_refs"": [""01:15""]}","[""8 m""]","[""pipe handler"", ""top drive""]",[],"[""01:15""]",463
38,00:00,184.0,service equ -- special service equ,0.0,00:00,"Unable to communicated with MWD tools. Drilled ahead while evaluating situation, MWD tools still inside 30"" conductor. Dicisuon m ade to POOH","{""depths"": [], ""equipment"": [""mwd""], ""measurements"": [], ""time_refs"": []}",[],"[""mwd""]",[],[],463
39,00:00,211.0,hoisting equ -- top driv e,0.0,00:00,Leak on IBOP actuator cylinder. Removed cylinder and plugged hoses.,"{""depths"": [], ""equipment"": [], ""measurements"": [], ""time_refs"": []}",[],[],[],[],463
40,00:00,155.0,hoisting equ -- top driv e,0.0,00:00,Alignment cylinder needed repair.,"{""depths"": [], ""equipment"": [], ""measurements"": [], ""time_refs"": []}",[],[],[],[],463
41,00:00,3646.0,hoisting equ -- top drive,0.0,00:00,TDS not able to maintain rpm due to loss of power.,"{""depths"": [], ""equipment"": [""tds""], ""measurements"": [], ""time_refs"": []}",[],"[""tds""]",[],[],477
42,00:00,207.0,hoisting equ -- top drive,0.0,00:00,"Discovered leak on TDS oil cooler, isolated hydraulic system and dismantled cooler.","{""depths"": [], ""equipment"": [""tds""], ""measurements"": [], ""time_refs"": []}",[],"[""tds""]",[],[],477
43,00:00,14.3,hoisting equ -- top drive,0.0,00:00,Alignment cylinder,"{""depths"": [], ""equipment"": [], ""measurements"": [], ""time_refs"": []}",[],[],[],[],477
44,00:00,2808.0,pipe handling equ syst -- other,0.0,00:00,Trolley belt failure,"{""depths"": [], ""equipment"": [], ""measurements"": [], ""time_refs"": []}",[],[],[],[],497
45,00:00,4696.0,service equ -- special service e qu,0.0,00:00,To be updated when - Preliminary description After 3 sudden SPP increase of 5 bar and drop (volume in active pits increased and dropped at the same time) lost signal from all tools (no pulsing) at 20:45 10.06.2013 (depth-4519m MD). After recycling pumps,"{""depths"": [""4519m""], ""equipment"": [], ""measurements"": [""5 bar""], ""time_refs"": [""20:45""]}","[""4519m""]",[],"[""5 bar""]","[""20:45""]",497
46,00:00,1558.0,pipe handling equ syst -- other,0.0,00:00,Issue with blocks and pipe racking syste m,"{""depths"": [], ""equipment"": [], ""measurements"": [], ""time_refs"": []}",[],[],[],[],498
47,00:00,167.0,hoisting equ -- top drive,0.0,00:00,Troubleshot brake release failure.,"{""depths"": [], ""equipment"": [], ""measurements"": [], ""time_refs"": []}",[],[],[],[],502
48,00:00,2796.0,pipe handling equ syst -- vertical pipe handling equ syst,0.0,00:00,Top drive collided with drill pipe stand in pipe racking machine.,"{""depths"": [], ""equipment"": [""top drive""], ""measurements"": [], ""time_refs"": []}",[],"[""top drive""]",[],[],502
49,00:00,0.0,well control equ syst -- bop stack,0.0,00:00,Annular preventer failed to hold pressure during pressure test .,"{""depths"": [], ""equipment"": [], ""measurements"": [], ""time_refs"": []}",[],[],[],[],513
50,00:00,715.0,pipe handling equ syst -- drill floor tube handl syst,0.0,00:00,HTS belt sensor defect.,"{""depths"": [], ""equipment"": [], ""measurements"": [], ""time_refs"": []}",[],[],[],[],513
51,00:00,971.0,pipe handling equ syst -- elevator,0.0,00:00,"Observed hydraulic leak from elevator fitting, replaced same","{""depths"": [], ""equipment"": [""elevator""], ""measurements"": [], ""time_refs"": []}",[],"[""elevator""]",[],[],513
52,00:00,0.0,service equ -- wellhead tubular equ,0.0,00:00,Not able to lock RT into riser due to internal hydraulic leak i RT .,"{""depths"": [], ""equipment"": [], ""measurements"": [], ""time_refs"": []}",[],[],[],[],517
53,00:00,4420.0,service equ -- other,0.0,00:00,Lost communication with perforation BHA # 3. Pulled assembly to surface and identified failure in cablehead connection. Cablehe ad cut and sent to shore for investigation.,"{""depths"": [], ""equipment"": [""bha""], ""measurements"": [], ""time_refs"": []}",[],"[""bha""]",[],[],536
54,00:00,0.0,well control equ syst - - riser syst,0.0,00:00,xx,"{""depths"": [], ""equipment"": [], ""measurements"": [], ""time_refs"": []}",[],[],[],[],537
55,00:00,3919.0,service equ -- other,0.0,00:00,"Short circuit, loss of communication","{""depths"": [], ""equipment"": [], ""measurements"": [], ""time_refs"": []}",[],[],[],[],537
56,00:00,3900.0,service equ -- other,0.0,00:00,Crossed wire on drum,"{""depths"": [], ""equipment"": [], ""measurements"": [], ""time_refs"": []}",[],[],[],[],537
57,00:00,0.0,service equ -- other,0.0,00:00,When pulling out of hole with wire line perforating assembly the wire line cable pulled out of the cablehead as the tool string was pulled into the toolcatcher. - No injuries or damage to equipment. When pulling out of hole the limit switch on the wirelin,"{""depths"": [], ""equipment"": [], ""measurements"": [], ""time_refs"": []}",[],[],[],[],537
58,00:00,4450.0,service equ -- other,0.0,00:00,"Prelimenary: RIH to 4470 m and initiated CCL logging run. Pulled back to 4450 m, recorded 7000lbs surface tension. Lost communication. Attempted to switch to tractor and recorded high amps. Payed out wire ¿ NO Response. Wireline reel estimated to be fro","{""depths"": [""4470 m"", ""4450 m""], ""equipment"": [], ""measurements"": [], ""time_refs"": []}","[""4470 m"", ""4450 m""]",[],[],[],537
59,00:00,3570.0,service equ -- other,0.0,00:00,Altus computer froze. Had to restart computer to be able to continue to RIH with tractor.,"{""depths"": [], ""equipment"": [], ""measurements"": [], ""time_refs"": []}",[],[],[],[],542
60,00:00,3986.0,service equ -- other,0.0,00:00,Had trouble with the tractor power supply. Synergi will be linked when complete,"{""depths"": [], ""equipment"": [], ""measurements"": [], ""time_refs"": []}",[],[],[],[],542
61,00:00,0.0,service equ -- other,0.0,00:00,Not able to communicate properly with Altus VPM.,"{""depths"": [], ""equipment"": [], ""measurements"": [], ""time_refs"": []}",[],[],[],[],542
62,00:00,2800.0,service equ -- other,0.0,00:00,Leak on the one drum for the hose running from the grease skid up to GIH. Isolated same and continued POOH with only o ne hose injecting grease to GIH. Log Information Run No Run No Service Company Service Company Depth Top mMD Depth Top mMD Depth Bottom mTVD Depth Bottom mTVD Tool Tool BHST (degC) BHST (degC) 103 Schlumberger 3430 4520 PBMS - RST -999.99,"{""depths"": [], ""equipment"": [], ""measurements"": [], ""time_refs"": []}",[],[],[],[],542
63,00:00,2800.0,service equ -- other,0.0,00:00,Not able to get contact with tractor. Checked surface equipment and reconnected power supply. Power supply worked again. Perforation Information Time of Opening Well Perf Time of Opening Well Perf Time of Closing Well Perf Time of Closing Well Perf Top of Perf mMD Top of Perf mMD Bottom of Perf Bottom of Perf mMD mMD Top of Perf TVD Top of Perf TVD Bottom of Perf Bottom of Perf TVD TVD,"{""depths"": [], ""equipment"": [], ""measurements"": [], ""time_refs"": []}",[],[],[],[],543
64,00:00,0.0,service equ -- other,0.0,00:00,Grease injection pump not working properly. Unable to deliver sufficient grease pressure from pum p.,"{""depths"": [], ""equipment"": [], ""measurements"": [], ""time_refs"": []}",[],[],[],[],552
65,00:00,0.0,service equ -- other,0.0,00:00,Unable to open HMV with pump,"{""depths"": [], ""equipment"": [], ""measurements"": [], ""time_refs"": []}",[],[],[],[],552
66,00:00,0.0,service equ -- other,0.0,00:00,Leakage in O-ring on X-over between XMT and lower riser.,"{""depths"": [], ""equipment"": [], ""measurements"": [], ""time_refs"": []}",[],[],[],[],552
67,00:00,0.0,miscellaneous equ syst -- other,0.0,00:00,During pressure test leak observed on bleed off manifold,"{""depths"": [], ""equipment"": [], ""measurements"": [], ""time_refs"": []}",[],[],[],[],557
68,00:00,0.0,service equ -- other,0.0,00:00,Attempted to pressure test lower riser and WL BOP. Observed leak in the connection between lower riser and XT. Drained riser and lifted lower ri ser and WL BOP from XT. Secured work place. Inspected connection. Observed scratches on the internal sealing fa,"{""depths"": [], ""equipment"": [""bop""], ""measurements"": [], ""time_refs"": []}",[],"[""bop""]",[],[],558
69,00:00,0.0,service equ -- other,0.0,00:00,"Winch operator instructed driller to pull up TDSto have 2 tons tension on slings on lubricator. As top sheeve wheel was also fastened to TDS and tool string was in top of lubricator, this lead to overpull of cable head to over 10% of safe pull. After dis","{""depths"": [], ""equipment"": [""tds""], ""measurements"": [""2 tons""], ""time_refs"": []}",[],"[""tds""]","[""2 tons""]",[],558
70,00:00,0.0,pipe handling equ syst -- d rill floor tube handl syst,0.0,00:00,Not able to back off connection,"{""depths"": [], ""equipment"": [], ""measurements"": [], ""time_refs"": []}",[],[],[],[],558
71,00:00,0.0,material handling syst -- b op transport syst,0.0,00:00,"Troubleshoot Bop lifter, sensor fault on test stump","{""depths"": [], ""equipment"": [""bop""], ""measurements"": [], ""time_refs"": []}",[],"[""bop""]",[],[],558
72,00:00,2589.0,pipe handling equ syst -- drill floor tube handl syst,0.0,00:00,Troubleshoot and changed linear transducer on Iron roughneck,"{""depths"": [], ""equipment"": [""iron roughneck""], ""measurements"": [], ""time_refs"": []}",[],"[""iron roughneck""]",[],[],559
73,00:00,3002.0,miscellaneous equ syst -- hydr pneum power packs,0.0,00:00,Repair hydraulic hose for Flush mounted slips,"{""depths"": [], ""equipment"": [""slips""], ""measurements"": [], ""time_refs"": []}",[],"[""slips""]",[],[],560
74,00:00,1944.0,pipe handling equ syst -- vertical pipe handling equ syst,0.0,00:00,Leak in hydraulic hose on aft PRS,"{""depths"": [], ""equipment"": [""prs""], ""measurements"": [], ""time_refs"": []}",[],"[""prs""]",[],[],560
75,00:00,20.0,mud and bulk syst -- mud supply,0.0,00:00,Unable to control mud pumps from rig floor due to PLC issue,"{""depths"": [], ""equipment"": [], ""measurements"": [], ""time_refs"": []}",[],[],[],[],561
76,00:00,454.0,hoisting equ -- crown block,0.0,00:00,Detected unusual noise from crown block fast-line sheave. Inspected and found bearings to have failed.,"{""depths"": [], ""equipment"": [], ""measurements"": [], ""time_refs"": []}",[],[],[],[],579
77,00:00,460.0,mud and bulk syst -- mud supply,0.0,00:00,All mud motors shut down simultanously. Awaiting report from Maersk.,"{""depths"": [], ""equipment"": [], ""measurements"": [], ""time_refs"": []}",[],[],[],[],579
78,00:00,36.0,pipe handling equ syst -- drill floor tube han dl syst,0.0,00:00,Not able to pick up casing joints from pipedeck to catwalk. Awaiting report from Maersk.,"{""depths"": [], ""equipment"": [""casing""], ""measurements"": [], ""time_refs"": []}",[],"[""casing""]",[],[],579
79,00:00,201.0,pipe handling equ syst -- drill floor tube handl s yst,0.0,00:00,"Unable to lay out damaged 20"" casing joint due to problems with HTS kick down r oller.","{""depths"": [], ""equipment"": [""casing""], ""measurements"": [], ""time_refs"": []}",[],"[""casing""]",[],[],587
80,00:00,1317.0,material handling syst -- utility winchs,0.0,00:00,Not able to spin in TDS to cement stand.,"{""depths"": [], ""equipment"": [""tds""], ""measurements"": [], ""time_refs"": []}",[],"[""tds""]",[],[],587
81,00:00,0.0,miscellaneous equ syst -- other,0.0,00:00,Installed wash pipe,"{""depths"": [], ""equipment"": [], ""measurements"": [], ""time_refs"": []}",[],[],[],[],592
82,00:00,1264.8,mud and bulk syst -- mud mixing storage,0.0,00:00,Leak on longitudinal flowline on main deck.,"{""depths"": [], ""equipment"": [], ""measurements"": [], ""time_refs"": []}",[],[],[],[],592
83,00:00,1400.0,miscellaneous equ syst -- other,0.0,00:00,5 ea. cuttings screw conveyors plugged up.,"{""depths"": [], ""equipment"": [], ""measurements"": [], ""time_refs"": []}",[],[],[],[],592
84,00:00,1500.0,miscellaneous equ syst -- other,0.0,00:00,Lost power supply from generators,"{""depths"": [], ""equipment"": [], ""measurements"": [], ""time_refs"": []}",[],[],[],[],592
85,00:00,901.0,hoisting equ -- top drive,0.0,00:00,"While running 14"" 169.65 kg/m casing a bolt on one out of four U-clamps sheared off. Potential 0.12kg*4m*9.81=5J. Series of event. Came down with top drive to approximately 3 m to P/U 14"" csg. joint. Moved horizontal tubular feeding machine in and tilte","{""depths"": [""4m"", ""3 m""], ""equipment"": [""top drive"", ""casing""], ""measurements"": [], ""time_refs"": []}","[""4m"", ""3 m""]","[""top drive"", ""casing""]",[],[],608
86,00:00,15.0,service equ -- spe cial service equ,0.0,00:00,When attempting to test SoundTrack (APX) tools it was found that the software was not updated in tool from the UK sector and incombateble with the OnTrack tool. Updated software in APX and OnTrack with assistance from onshore org. The component does NOT,"{""depths"": [], ""equipment"": [""ontrack""], ""measurements"": [], ""time_refs"": []}",[],"[""ontrack""]",[],[],608
87,00:00,2629.0,service equ -- spe cial service equ,0.0,00:00,"De-coding error - High speed decoding need a start up sequence to decode.When starting to drill the 8 1/2"" section startup sequence inisiated by it se lf. After picking up of bottom to make connection startup sequence did NOT inisiate. Found decoding sequen","{""depths"": [], ""equipment"": [], ""measurements"": [], ""time_refs"": []}",[],[],[],[],608
88,00:00,2424.0,drill floor -- draw wor ks,0.0,00:00,"0600 hrs the ET was called to the floor because the driller faced problems with draw work. Investigation showed that the draw work motors torque up attempting to take the load from the draw work brake, but when the b reak released the casing lowered 2-3","{""depths"": [], ""equipment"": [""casing""], ""measurements"": [], ""time_refs"": []}",[],"[""casing""]",[],[],612
89,00:00,1780.0,miscellaneous equ syst -- other,0.0,00:00,Was unable to start screw conveyor when about to backload cuttings to boat .,"{""depths"": [], ""equipment"": [], ""measurements"": [], ""time_refs"": []}",[],[],[],[],613
90,00:00,1247.0,pipe handling equ syst -- ot her,0.0,00:00,"RIH 14"" 169.65 kg/m csg from 1057 m to 1247 m filling every joint with 1.42 sg OBM. Observed leaking hose power tong.","{""depths"": [""1057 m"", ""1247 m""], ""equipment"": [], ""measurements"": [], ""time_refs"": []}","[""1057 m"", ""1247 m""]",[],[],[],614
91,00:00,1348.0,pipe handling equ syst -- ot her,0.0,00:00,Made up connection on pack-off. Checked and re-tightent allen screw lock keys securing pack-off on FAC .,"{""depths"": [], ""equipment"": [], ""measurements"": [], ""time_refs"": []}",[],[],[],[],614
92,00:00,1527.0,pipe handling equ syst -- ot her,0.0,00:00,Removed hydraulic hose on power tong stabbing guide and blanked off fitting on power tong.,"{""depths"": [], ""equipment"": [], ""measurements"": [], ""time_refs"": []}",[],[],[],[],614
93,00:00,935.0,hoisting equ -- top drive,0.0,00:00,"While running 14"" 169.65 kg/m casing a bolt on one out of four U-clamps sheared off. Potential 0.12kg*4 m*9.81=5J. Series of event. Came down with top drive to approximately 3 m to P/U 14"" csg. joint. Moved horizontal tubular feeding machine in and tilte","{""depths"": [""4 m"", ""3 m""], ""equipment"": [""top drive"", ""casing""], ""measurements"": [], ""time_refs"": []}","[""4 m"", ""3 m""]","[""top drive"", ""casing""]",[],[],614
94,00:00,3350.0,service equ -- mud logging equ,0.0,00:00,Due to high winds mud logging unit shoot down. Started to build wind wall arround out let on unit. While attempting to purge unit the wind cause the purge sequence to start over Purged mud logging unit and re-booted computers,"{""depths"": [], ""equipment"": [], ""measurements"": [], ""time_refs"": []}",[],[],[],[],614
95,00:00,2570.0,miscellaneous equ syst - - other,0.0,00:00,"NOV service engineer was onboard to trouble shoot problems lately discovered in the rigs V-icis system. To continue with failure analysis a fail over test had to be performed. This was done after the BHA was pulled into th e shoe and lasted 1,25 h. Maer","{""depths"": [], ""equipment"": [""bha""], ""measurements"": [], ""time_refs"": []}",[],"[""bha""]",[],[],620
96,00:00,0.0,pipe handling equ syst -- vertical pipe handling eq u syst,0.0,00:00,"Problems with PRS. PRS outputs a signal that the pipe has been set down, when it is not.","{""depths"": [], ""equipment"": [""prs""], ""measurements"": [], ""time_refs"": []}",[],"[""prs""]",[],[],623
97,00:00,0.0,material handling syst -- dec k cranes,0.0,00:00,"Halted opertion due to problem with FWD PORT crane. Not able to start lifting in 30"" conductor joints from pipedeck t o drillfloor.","{""depths"": [], ""equipment"": [], ""measurements"": [], ""time_refs"": []}",[],[],[],[],625
98,00:00,251.0,service equ -- cementing uni t,0.0,00:00,Cement control screen froze / hung up after accidentally overpressuring the unit. Pressure was released physically b ut the software did not accept it.,"{""depths"": [], ""equipment"": [], ""measurements"": [], ""time_refs"": []}",[],[],[],[],625
99,00:00,140.0,hoisting equ -- top drive,0.0,00:00,"Hydraulic leak on TDS. Repair time / downtime 0,5 hrs.","{""depths"": [], ""equipment"": [""tds""], ""measurements"": [], ""time_refs"": []}",[],"[""tds""]",[],[],627
100,00:00,0.0,hoisting equ -- top drive,0.0,00:00,Had to make repairs on TDS. Simultaneously installed new flowline isolation valve actuator.,"{""depths"": [], ""equipment"": [""tds""], ""measurements"": [], ""time_refs"": []}",[],"[""tds""]",[],[],628
101,00:00,0.0,hoisting equ -- top drive,0.0,00:00,Changed dye brackets on TDS.,"{""depths"": [], ""equipment"": [""tds""], ""measurements"": [], ""time_refs"": []}",[],"[""tds""]",[],[],628
102,00:00,180.0,well control equ syst -- riser syst,0.0,00:00,Not able to operate flowline isolation valve,"{""depths"": [], ""equipment"": [], ""measurements"": [], ""time_refs"": []}",[],[],[],[],629
103,00:00,141.0,pipe handling equ syst -- other,0.0,00:00,FWD PRS failed on proximity switch for old service platform.,"{""depths"": [], ""equipment"": [""prs""], ""measurements"": [], ""time_refs"": []}",[],"[""prs""]",[],[],629
104,00:00,225.0,miscellaneous eq u syst -- other,0.0,00:00,"Raw water pumpe failed and left rig with only 1 out of 3 pumpes available. Due to the criticality of the pumpe delivering firewater, cooling water etc the drilling operation is postphoned until the pump is replaced. A new pumpe will arrive by boat schedule","{""depths"": [], ""equipment"": [], ""measurements"": [], ""time_refs"": []}",[],[],[],[],637
105,00:00,578.0,well control equ s yst -- diverter,0.0,00:00,Flowline isolation valve was locked in closed position.,"{""depths"": [], ""equipment"": [], ""measurements"": [], ""time_refs"": []}",[],[],[],[],637
106,00:00,1178.0,service equ -- mu d logging equ,0.0,00:00,Geoservices were not able to read teir sensors.,"{""depths"": [], ""equipment"": [], ""measurements"": [], ""time_refs"": []}",[],[],[],[],637
107,00:00,1178.0,miscellaneous eq u syst -- other,0.0,00:00,"Noen hadde glemt å sette ESD systemet i ""override"" under en nedlasting av software for prosessanleggets fire/gas-node. Dette førte til en ESD 2.0 n edstengning for hele riggen.","{""depths"": [], ""equipment"": [], ""measurements"": [], ""time_refs"": []}",[],[],[],[],637
108,00:00,0.0,pipe handling equ syst -- other,0.0,00:00,"Under vedlikeholdsarbeid ble styrestrømmen til PLS'ene isolert. Da erbeidet var ferdig og styrestrømmen tilbakeført , virket ikke PRS'ene.","{""depths"": [], ""equipment"": [""prs""], ""measurements"": [], ""time_refs"": []}",[],"[""prs""]",[],[],641
109,00:00,376.0,miscellaneous equ syst -- subsea inspectio n syst,0.0,00:00,Oil leakage. Pulled ROV for repair.,"{""depths"": [], ""equipment"": [""rov""], ""measurements"": [], ""time_refs"": []}",[],"[""rov""]",[],[],647
110,00:00,376.0,pipe handling equ syst -- drill floor tube han dl syst,0.0,00:00,"Mærsk synergi # 76443 - nearmis 3½"" DP came out of single latch and leaned over the wind wall. Mærsk gradering: Green 10 Under udlægning af 3½"" DP, faldt en dobble std ud af DP parkering finger og lagde sig tvers over drill floor. Banksman stod ca. 0,5 -","{""depths"": [], ""equipment"": [], ""measurements"": [], ""time_refs"": []}",[],[],[],[],647
111,00:00,0.0,well control equ syst -- diverter,0.0,00:00,Lifting bolt for diverter broke.,"{""depths"": [], ""equipment"": [], ""measurements"": [], ""time_refs"": []}",[],[],[],[],651
112,00:00,0.0,well control equ syst -- other,0.0,00:00,Had to tighten slickjoint/overshot connection on BOP,"{""depths"": [], ""equipment"": [""bop""], ""measurements"": [], ""time_refs"": []}",[],"[""bop""]",[],[],657
113,00:00,30.0,pipe handling equ syst -- vertical pipe handling equ syst,0.0,00:00,Burst hose on AFT PRS.,"{""depths"": [], ""equipment"": [""prs""], ""measurements"": [], ""time_refs"": []}",[],"[""prs""]",[],[],657
114,00:00,50.0,service equ -- specia l service equ,0.0,00:00,The installation of the RA source into the ADN sub is normally done with an installation carrier and adapter sitting on top of the pipe stick up. Several attempts to install the RA source were made using this equipment. Was not able to screw the RA sourced,"{""depths"": [], ""equipment"": [], ""measurements"": [], ""time_refs"": []}",[],[],[],[],658
115,00:00,1319.0,well control equ syst -- choke/kill syst,0.0,00:00,Fault on choke sensors,"{""depths"": [], ""equipment"": [], ""measurements"": [], ""time_refs"": []}",[],[],[],[],658
116,00:00,1100.0,mud and bulk syst -- mud supply,0.0,00:00,Leakage on mudpump#1. Liner spray on mudpump#3 not working.,"{""depths"": [], ""equipment"": [], ""measurements"": [], ""time_refs"": []}",[],[],[],[],658
117,00:00,1355.0,mud and bulk syst -- hp equipment,0.0,00:00,Worked on standpipe valves.,"{""depths"": [], ""equipment"": [], ""measurements"": [], ""time_refs"": []}",[],[],[],[],659
118,00:00,0.0,pipe handling equ syst -- other,0.0,00:00,"Broke dog collar links when handling 26"" drilling BHA. Fixed and continued operation. Do wntime 0,5 hrs.","{""depths"": [], ""equipment"": [""bha""], ""measurements"": [], ""time_refs"": []}",[],"[""bha""]",[],[],660
119,00:00,1422.0,mud and bulk syst -- mud solids c ontrol,0.0,00:00,Conveyer belt bringing cuttings to dump shute stopped. Cuttings piled up and jammed the belt. Had t o stop drilling.,"{""depths"": [], ""equipment"": [], ""measurements"": [], ""time_refs"": []}",[],[],[],[],662
120,00:00,1959.0,hoisting equ -- top drive,0.0,00:00,Changed die retainer plates on TDS,"{""depths"": [], ""equipment"": [""tds""], ""measurements"": [], ""time_refs"": []}",[],"[""tds""]",[],[],662
121,00:00,1859.0,mud and bulk sys t -- mud supply,0.0,00:00,"During drilling the 17 1/2"" section, mudpump#2 had to be shut down due to washout in one of the suction valve seats. Drilling had to be halted as mud p ump #1 was being repaired due to breakdown the same day. Only mud pump #3 up and running which was not su","{""depths"": [], ""equipment"": [], ""measurements"": [], ""time_refs"": []}",[],[],[],[],664
122,00:00,2146.0,mud and bulk sys t -- mud supply,0.0,00:00,Mudpumps 1 & 2 shut down.,"{""depths"": [], ""equipment"": [], ""measurements"": [], ""time_refs"": []}",[],[],[],[],664
123,00:00,2486.0,hoisting equ -- to p drive,0.0,00:00,Leakage on TDS washpipe,"{""depths"": [], ""equipment"": [""tds""], ""measurements"": [], ""time_refs"": []}",[],"[""tds""]",[],[],664
124,00:00,2486.0,mud and bulk syst -- mud supply,0.0,00:00,Mud pumnps #2 and #3 out of service.,"{""depths"": [], ""equipment"": [], ""measurements"": [], ""time_refs"": []}",[],[],[],[],666
125,00:00,38.0,service equ -- spe cial service equ,0.0,00:00,Could not realease RA source in ADN. Decided to pull RA source regardless with the possible implication that the ADN tool could not be run as there wa s no spare transfer shield onboard. RA source came out without shearing when using tugger to release. The,"{""depths"": [], ""equipment"": [], ""measurements"": [], ""time_refs"": []}",[],[],[],[],667
126,00:00,9.0,hoisting equ -- top drive,0.0,00:00,Had to check TDS due to unexpected noise while rotating. Changed gear oil on TDS.,"{""depths"": [], ""equipment"": [""tds""], ""measurements"": [], ""time_refs"": []}",[],"[""tds""]",[],[],667
127,00:00,40.0,pipe handling equ syst -- vertical pipe handling equ syst,0.0,00:00,Problems with fingerboard,"{""depths"": [], ""equipment"": [], ""measurements"": [], ""time_refs"": []}",[],[],[],[],668
128,00:00,2535.0,mud and bulk syst -- mud supply,0.0,00:00,Failure on MP#1 and #3,"{""depths"": [], ""equipment"": [], ""measurements"": [], ""time_refs"": []}",[],[],[],[],668
129,00:00,830.0,pipe handling equ syst -- drill floor tube handl syst,0.0,00:00,Burst hose on iron roughneck,"{""depths"": [], ""equipment"": [""iron roughneck""], ""measurements"": [], ""time_refs"": []}",[],"[""iron roughneck""]",[],[],670
130,00:00,0.0,well control equ syst -- diverter,0.0,00:00,Leaking seals in slick joint had to be changed .,"{""depths"": [], ""equipment"": [], ""measurements"": [], ""time_refs"": []}",[],[],[],[],675
131,00:00,1327.0,drillstring downhole -- other,0.0,00:00,Float did not hold pressure.,"{""depths"": [], ""equipment"": [], ""measurements"": [], ""time_refs"": []}",[],[],[],[],680
132,00:00,2771.0,pipe handling equ syst -- drill floor tube handl s yst,0.0,00:00,Mærsk Synergi #85482 - incident - Mærsk grading Green 1 - Dies on pipehandler fell out The dies from the TDS pipehandler came out while unscrewing TDS due to torque wrench not unclamping. Repaired die carrier and implemented new procedure to release,"{""depths"": [], ""equipment"": [""tds""], ""measurements"": [], ""time_refs"": []}",[],"[""tds""]",[],[],682
133,00:00,2811.0,pipe handling equ syst -- vertical pipe handling equ syst,0.0,00:00,During connection the forward PRS blocked the way of the aft PRS.,"{""depths"": [], ""equipment"": [""prs""], ""measurements"": [], ""time_refs"": []}",[],"[""prs""]",[],[],682
134,00:00,2576.0,service equ -- spe cial service equ,0.0,00:00,MWD was working but transmission signal was very weak. Trouble-shot to find probable noise source. The sinal was excellent befor the well was displ aced to OBM. Found signal to be present at low flow rates. Managed to minipulate drilling parameters to have,"{""depths"": [], ""equipment"": [""mwd""], ""measurements"": [], ""time_refs"": []}",[],"[""mwd""]",[],[],683
135,00:00,2965.0,service equ -- mu d logging equ,0.0,00:00,"In an attempt to clean out the rig drains, water entered the geoservices unit through the sink. Due to a carpet blocking the drain, the water flooded the u nit and resulted in av black-out.","{""depths"": [], ""equipment"": [], ""measurements"": [], ""time_refs"": []}",[],[],[],[],683
136,00:00,3017.0,pipe handling equ syst -- vertical pipe handling equ syst,0.0,00:00,"Wash pipe started leaking during drilling of the 12 1/4"" section.","{""depths"": [], ""equipment"": [], ""measurements"": [], ""time_refs"": []}",[],[],[],[],685
137,00:00,0.0,well control equ syst -- bop stack,0.0,00:00,Leak in BOP slick joint. Was repaired,"{""depths"": [], ""equipment"": [""bop""], ""measurements"": [], ""time_refs"": []}",[],"[""bop""]",[],[],687
138,00:00,3113.0,service equ -- ce menting unit,0.0,00:00,"During mixing of cement, when chemical were supposed to be added. No communication between chemical injection software and mixing pump. Through dialog with Halliburton town the system was re-booted and the job performed.","{""depths"": [], ""equipment"": [], ""measurements"": [], ""time_refs"": []}",[],[],[],[],688
139,00:00,1586.0,pipe handling equ sy st -- other,0.0,00:00,"RIH w/ 8½"" BHA on 5"" DP. Changed out surface handling equipment to run w/ 5½"" DP. Trouble shot PS-21 slips, could not rectify proble m in table, changed out slips to PS-30 slips.","{""depths"": [], ""equipment"": [""slips"", ""bha""], ""measurements"": [], ""time_refs"": []}",[],"[""slips"", ""bha""]",[],[],692
140,00:00,3480.0,hoisting equ -- top dr ive,0.0,00:00,"Drilling 8½"" hole @3480m. Wash pipe, washed out pulled 1 stand up to 3441m and installed a pump in sub, established circulation at 1 900 lpm had good returns over the shackers with cuttings. Held tool box talk prior to change out wash pipe. Commenced cha","{""depths"": [""3480m"", ""3441m""], ""equipment"": [], ""measurements"": [""900 lpm""], ""time_refs"": []}","[""3480m"", ""3441m""]",[],"[""900 lpm""]",[],692
141,00:00,3430.0,service equ -- mud logging equ,0.0,00:00,During taking pressure points in reservoir. Geoservices unit shut down due to two gas detectors activated. Caused by wat er in on of two the gas detectors. The gas detector was overrided and the unit was re-booted. The geoservices unit having one gas det,"{""depths"": [], ""equipment"": [], ""measurements"": [], ""time_refs"": []}",[],[],[],[],693
142,00:00,440.0,service equ -- wellhead tubular equ,0.0,00:00,Laid out 4 joints due to damaged threads and replaced w/ the 3 back-up.,"{""depths"": [], ""equipment"": [], ""measurements"": [], ""time_refs"": []}",[],[],[],[],696
143,00:00,1748.0,drill floor -- draw works,0.0,00:00,Brakes on draw work unable to release.,"{""depths"": [], ""equipment"": [], ""measurements"": [], ""time_refs"": []}",[],[],[],[],699
144,00:00,3177.0,miscellaneous equ syst -- other,0.0,00:00,Performed FG inspection due to falling lock nut.,"{""depths"": [], ""equipment"": [], ""measurements"": [], ""time_refs"": []}",[],[],[],[],702
145,00:00,798.0,pipe handling equ syst -- drill floor t ube handl syst,0.0,00:00,"Found leakage on hydraulic fitting on BX3 elevator. Changed hydraulic fitting and bolt head connection for return line on 10 3/4"" BX3 elevator. Downtime 0,75 hrs.","{""depths"": [], ""equipment"": [""elevator""], ""measurements"": [], ""time_refs"": []}",[],"[""elevator""]",[],[],702
146,00:00,2350.0,pipe handling equ syst -- vertical pipe handling equ syst,0.0,00:00,Hydraulic leak on PRS,"{""depths"": [], ""equipment"": [""prs""], ""measurements"": [], ""time_refs"": []}",[],"[""prs""]",[],[],705
147,00:00,7.0,pipe handling equ syst -- vertical pipe handling equ syst,0.0,00:00,Hydraulic leakage on BX elevator fitting.,"{""depths"": [], ""equipment"": [""elevator""], ""measurements"": [], ""time_refs"": []}",[],"[""elevator""]",[],[],706
148,00:00,1505.0,pipe handling equ syst -- drill floor t ube handl syst,0.0,00:00,Prb. with conveyer belt,"{""depths"": [], ""equipment"": [], ""measurements"": [], ""time_refs"": []}",[],[],[],[],707
149,00:00,1920.0,pipe handling equ syst -- vertical pi pe handling equ syst,0.0,00:00,"During casing handling the Monkey arm on the HTS jammed in upper position. Operations had to be halted. Evidently a softwa re problem. Was fixed by the Mærsk ET technican. Downtime 0,5 hrs.","{""depths"": [], ""equipment"": [""casing""], ""measurements"": [], ""time_refs"": []}",[],"[""casing""]",[],[],707
150,00:00,0.0,well control equ syst -- other,0.0,00:00,Not able to release overshot joint from BOP body,"{""depths"": [], ""equipment"": [""bop""], ""measurements"": [], ""time_refs"": []}",[],"[""bop""]",[],[],710
151,00:00,0.0,well control equ syst -- other,0.0,00:00,Problems with hydraulic pressure on BOP trolley,"{""depths"": [], ""equipment"": [""bop""], ""measurements"": [], ""time_refs"": []}",[],"[""bop""]",[],[],710
152,00:00,121.0,well control equ syst -- riser syst,0.0,00:00,Damage on soft slings. Rejected slings for use.,"{""depths"": [], ""equipment"": [], ""measurements"": [], ""time_refs"": []}",[],[],[],[],712
153,00:00,0.0,miscellaneous equ syst -- other,0.0,00:00,Changed leaking tension cylinders .,"{""depths"": [], ""equipment"": [], ""measurements"": [], ""time_refs"": []}",[],[],[],[],714
154,00:00,139.0,drill floor -- draw works,0.0,00:00,Software problem on drawworks,"{""depths"": [], ""equipment"": [], ""measurements"": [], ""time_refs"": []}",[],[],[],[],714
155,00:00,27.5,miscellaneous equ syst -- wellhead subsea run tes t,0.0,00:00,Unable to make the Adjustment sub.,"{""depths"": [], ""equipment"": [], ""measurements"": [], ""time_refs"": []}",[],[],[],[],719
156,00:00,0.0,miscellaneous equ syst -- wellhead subsea run test,0.0,00:00,Attempted to split and repair MS-seal setting tool - nogo. Waiting for new tool from town.,"{""depths"": [], ""equipment"": [], ""measurements"": [], ""time_refs"": []}",[],[],[],[],723
157,00:00,2290.0,pipe handling equ syst -- vertical pipe handling equ syst,0.0,00:00,Securing pins for vertical hose bundle were torn off due to high winds cathcing the hose bundle itself. Halted operation a s aloft work was impossible because of the high winds.,"{""depths"": [], ""equipment"": [], ""measurements"": [], ""time_refs"": []}",[],[],[],[],729
158,00:00,2578.0,pipe handling equ syst -- other,0.0,00:00,Not able to released PS-21 slips after connectin.,"{""depths"": [], ""equipment"": [""slips""], ""measurements"": [], ""time_refs"": []}",[],"[""slips""]",[],[],729
159,00:00,2175.0,miscellaneous equ syst -- o ther,0.0,00:00,ESD/Siemens testing interrupting main power supply. Had to re-set and calibrate rig equipment after powe r shut down.,"{""depths"": [], ""equipment"": [], ""measurements"": [], ""time_refs"": []}",[],[],[],[],731
160,00:00,440.0,miscellaneous equ syst -- o ther,0.0,00:00,Derrick inspection due to falling object.,"{""depths"": [], ""equipment"": [], ""measurements"": [], ""time_refs"": []}",[],[],[],[],731
161,00:00,1311.0,pipe handling equ syst -- manual tong,0.0,00:00,VFD-fault (electrical problem) on PRS racking arm .,"{""depths"": [], ""equipment"": [""prs""], ""measurements"": [], ""time_refs"": []}",[],"[""prs""]",[],[],740
162,00:00,3007.0,service equ -- o ther,0.0,00:00,"Gauge line broke while wrapping it around tubing hanger neck. Inconel gauge lines comes in three different qualities: 26, 35 and 45. This line was of # 26 quality, paper thin and would break if it was slightly bent in two different directions. It was thus a","{""depths"": [], ""equipment"": [], ""measurements"": [], ""time_refs"": []}",[],[],[],[],747
163,00:00,0.0,pipe handling equ syst -- eleva tor,0.0,00:00,"Problems with elevators malfunction, investigated same. Changed out elevators and function teste d same.","{""depths"": [], ""equipment"": [], ""measurements"": [], ""time_refs"": []}",[],[],[],[],750
164,00:00,0.0,service equ -- other,0.0,00:00,Observed leak in the test hose from the pump during low pressure test. Changed hose and continued with leak test.,"{""depths"": [], ""equipment"": [], ""measurements"": [], ""time_refs"": []}",[],[],[],[],768
165,00:00,1400.0,service equ -- electr logging equ,0.0,00:00,Lost communication with toolstring. Decision made to POOH and troubleshoot. When out of hole not able to detect failure. Decision made to re-build cablehead and run full back up string.,"{""depths"": [], ""equipment"": [], ""measurements"": [], ""time_refs"": []}",[],[],[],[],768
166,00:00,0.0,service equ -- other,0.0,00:00,Not able to achieve stable running speed with winch. Suspected overheating of hydraulic system,"{""depths"": [], ""equipment"": [], ""measurements"": [], ""time_refs"": []}",[],[],[],[],770
167,00:00,0.0,miscellaneous equ syst -- wellhead subsea run tes t,0.0,00:00,No communication w/ DHSV,"{""depths"": [], ""equipment"": [], ""measurements"": [], ""time_refs"": []}",[],[],[],[],773
168,00:00,0.0,service equ -- cementing unit,0.0,00:00,Cementing pump tripped. Troubleshoot,"{""depths"": [], ""equipment"": [], ""measurements"": [], ""time_refs"": []}",[],[],[],[],773
169,00:00,0.0,pipe handling equ syst -- drill floor tube handl syst,0.0,00:00,overtorqued connection due to wrong casing tong settings,"{""depths"": [], ""equipment"": [""casing""], ""measurements"": [], ""time_refs"": []}",[],"[""casing""]",[],[],773
170,00:00,2356.0,pipe handling equ sys t -- elevator,0.0,00:00,"Loose std in Derrick, recovered std using FWD PRS and return to TDS. Hold std with AFT PRS to lower down TDS to inspect Elevator s. Elevators found to be damaged, changed out to spare set.","{""depths"": [], ""equipment"": [""elevator"", ""tds"", ""prs""], ""measurements"": [], ""time_refs"": []}",[],"[""elevator"", ""tds"", ""prs""]",[],[],775
171,00:00,0.0,miscellaneous equ syst -- wellhead subsea run tes t,0.0,00:00,back up THRT not being able to communicate with DHSV,"{""depths"": [], ""equipment"": [], ""measurements"": [], ""time_refs"": []}",[],[],[],[],776
172,00:00,0.0,drillstring downhole -- subs and lift plugs,0.0,00:00,wrong x-over delivered to the rig,"{""depths"": [], ""equipment"": [], ""measurements"": [], ""time_refs"": []}",[],[],[],[],779
173,00:00,0.0,hoisting equ -- top drive,0.0,00:00,Leak developed from the topdrive while milling (wash pipe) Leak developed in the connection of hydraulic hose Leak developed from the topdrive while milling (wash pipe) POD on BOP leaked,"{""depths"": [], ""equipment"": [""bop""], ""measurements"": [], ""time_refs"": []}",[],"[""bop""]",[],[],780
174,00:00,63.0,miscellaneous equ syst -- subsea inspection syst,0.0,00:00,ROV lost 3-finger claw in well. Remedial junk run needed in to remove/dislodge the junk.,"{""depths"": [], ""equipment"": [""rov""], ""measurements"": [], ""time_refs"": []}",[],"[""rov""]",[],[],799
175,00:00,211.0,service equ -- special service equ,0.0,00:00,Pull out of hole to fix problem with UBHO sleeve.,"{""depths"": [], ""equipment"": [""ubho""], ""measurements"": [], ""time_refs"": []}",[],"[""ubho""]",[],[],799
176,00:00,0.0,miscellaneous equ syst -- h ydr pneum power packs,0.0,00:00,Trip on drillinghydraulics,"{""depths"": [], ""equipment"": [], ""measurements"": [], ""time_refs"": []}",[],[],[],[],817
177,00:00,0.0,pipe handling equ syst -- elevator,0.0,00:00,"When running 14"" casing the elevator tilt adaptor for the BX-2 frame was missing. Hence it was not possible to tilit the elevator for picking up c asing from the HTS (catwalk). In order to get going with the casing running, a tugger was attached to an eye b","{""depths"": [], ""equipment"": [""elevator"", ""casing""], ""measurements"": [], ""time_refs"": []}",[],"[""elevator"", ""casing""]",[],[],817
178,00:00,49.0,pipe handling equ syst -- elevator,0.0,00:00,Hooked up elevator tilt adaptor. Not able to function elevator tilt when recommencing casing running.,"{""depths"": [], ""equipment"": [""elevator"", ""casing""], ""measurements"": [], ""time_refs"": []}",[],"[""elevator"", ""casing""]",[],[],817
179,00:00,2276.0,miscellaneous equ syst -- wellhead subsea run tes t,0.0,00:00,"Not able to get good test on MS seal in 14"" casing hanger .","{""depths"": [], ""equipment"": [""casing""], ""measurements"": [], ""time_refs"": []}",[],"[""casing""]",[],[],820
180,00:00,2276.0,miscellaneous equ syst -- wellhead subsea run tes t,0.0,00:00,Not able to release Vetco PADPRT,"{""depths"": [], ""equipment"": [], ""measurements"": [], ""time_refs"": []}",[],[],[],[],820
181,00:00,140.0,hoisting equ -- top drive,0.0,00:00,Changed allignement cylinder on TDS.,"{""depths"": [], ""equipment"": [""tds""], ""measurements"": [], ""time_refs"": []}",[],"[""tds""]",[],[],822
182,00:00,2299.0,drill floor -- drilling control,0.0,00:00,Software had to be re-booted to function properly on FWD PRS.,"{""depths"": [], ""equipment"": [""prs""], ""measurements"": [], ""time_refs"": []}",[],"[""prs""]",[],[],823
183,00:00,2289.0,service equ -- special service equ,0.0,00:00,Ha problems down linking to Schlumberger powerdrive and getting proper MWD signals .,"{""depths"": [], ""equipment"": [""mwd""], ""measurements"": [], ""time_refs"": []}",[],"[""mwd""]",[],[],825
184,00:00,1188.0,drill floor -- drilling control,0.0,00:00,"Camera on PDM displayed a ""blue and blurring"" picture. Re-sat HMI software to be able to see picture on t he screen.","{""depths"": [], ""equipment"": [], ""measurements"": [], ""time_refs"": []}",[],[],[],[],827
185,00:00,28.0,miscellaneous equ syst -- wellhead subsea run tes t,0.0,00:00,Unable to release Adjustment Sub Setting Tool from Adjustment Sub.,"{""depths"": [], ""equipment"": [], ""measurements"": [], ""time_refs"": []}",[],[],[],[],841
186,00:00,600.0,well control equ syst -- other,0.0,00:00,Found Overshot Packer leaking fluid and Koomy unit level dropped a little.,"{""depths"": [], ""equipment"": [""packer""], ""measurements"": [], ""time_refs"": []}",[],"[""packer""]",[],[],848
187,00:00,1022.0,pipe handling equ syst -- elevator,0.0,00:00,Broken safety chain on DP elevator,"{""depths"": [], ""equipment"": [""elevator""], ""measurements"": [], ""time_refs"": []}",[],"[""elevator""]",[],[],852
188,00:00,3634.0,hoisting equ -- top drive,0.0,00:00,Leakage on wash pipe during displacement.,"{""depths"": [], ""equipment"": [], ""measurements"": [], ""time_refs"": []}",[],[],[],[],853
189,00:00,0.0,material handling syst -- utility winchs,0.0,00:00,Damage to tugger wire. Checked and respooled same.,"{""depths"": [], ""equipment"": [], ""measurements"": [], ""time_refs"": []}",[],[],[],[],856
190,00:00,1565.0,pipe handling equ syst -- elev ator,0.0,00:00,"During runnig 7"" tubing a hose on the BX elevator was caught and damaged. Had to change the hose. Do wntime 0,5 hrs.","{""depths"": [], ""equipment"": [""elevator""], ""measurements"": [], ""time_refs"": []}",[],"[""elevator""]",[],[],859
191,00:00,2596.0,service equ -- wellhead tubula r equ,0.0,00:00,Unable to get good test on penetration fittings,"{""depths"": [], ""equipment"": [], ""measurements"": [], ""time_refs"": []}",[],[],[],[],859
192,00:00,0.0,well control equ syst -- other,0.0,00:00,Not able to release lock dogs in diverter with dedicated pulling/handling tool.,"{""depths"": [], ""equipment"": [], ""measurements"": [], ""time_refs"": []}",[],[],[],[],861
193,00:00,0.0,service equ -- other,0.0,00:00,Toolcatcher was not hooked up properly.,"{""depths"": [], ""equipment"": [], ""measurements"": [], ""time_refs"": []}",[],[],[],[],866
194,00:00,3400.0,service equ -- oth er,0.0,00:00,"While correlating before shooting the 4.5 "" HSD guns, the mode was changed from running Welltec tractor to logging and schlumberger co uld no longer communicate properly with GR and the gun switches.","{""depths"": [], ""equipment"": [], ""measurements"": [], ""time_refs"": []}",[],[],[],[],867
195,00:00,0.0,service equ -- other,0.0,00:00,"WL winch would not start and the re-set handle for 380 V power supply had broken off. Machined and installed new re-set handle, but were stil l not able to start WL winch. Electrican opened ex-panel and found loose rele.","{""depths"": [], ""equipment"": [], ""measurements"": [], ""time_refs"": []}",[],[],[],[],868
196,00:00,0.0,service equ -- electr logging equ,0.0,00:00,Schlumberger unit experienced power shut down and had to restart all systems.,"{""depths"": [], ""equipment"": [], ""measurements"": [], ""time_refs"": []}",[],[],[],[],868
197,00:00,2500.0,service equ -- electr logging equ,0.0,00:00,Schlumberger was unable to communicate with gun switches. Trouble shoot problem with gun switch and found faulty switch. Changed to ba ck-up switches. Checked toolstring with tractor and switches installed. Ok.,"{""depths"": [], ""equipment"": [], ""measurements"": [], ""time_refs"": []}",[],[],[],[],869
198,00:00,86.0,service equ -- other,0.0,00:00,"WL winch would not start and the re-set handle for 380 V power supply had broken off. Machined and installed new re-set handle, but were stil l not able to start WL winch. Electrican opened ex-panel and found loose rele.","{""depths"": [], ""equipment"": [], ""measurements"": [], ""time_refs"": []}",[],[],[],[],869
199,00:00,0.0,service equ -- other,0.0,00:00,Found kink on return hose and missing plug for grease head.,"{""depths"": [], ""equipment"": [], ""measurements"": [], ""time_refs"": []}",[],[],[],[],869
200,00:00,0.0,service equ -- other,0.0,00:00,Observed incorrect installation of hoses on lubricator and had to LD down lubricator to re-arrange hoses.,"{""depths"": [], ""equipment"": [], ""measurements"": [], ""time_refs"": []}",[],[],[],[],870
201,00:00,0.0,service equ -- other,0.0,00:00,The drain hose on the lubricator had been splized and the splize tore apart. This happened at a level 2.25 m above rig-floor and seaw ell had to use riding belt to be able to fix the hose.,"{""depths"": [""2.25 m""], ""equipment"": [], ""measurements"": [], ""time_refs"": []}","[""2.25 m""]",[],[],[],870
202,00:00,1562.0,service equ -- oth er,0.0,00:00,"WL winch would not start and the re-set handle for 380 V power supply had broken off. Machined and installed new re-set handle, but were still not able to start WL winch. Electrican opened ex-panel and found loose rele.","{""depths"": [], ""equipment"": [], ""measurements"": [], ""time_refs"": []}",[],[],[],[],871
203,00:00,0.0,service equ -- other,0.0,00:00,WL winch suddenly stopped. Unable to find and correct problem.,"{""depths"": [], ""equipment"": [], ""measurements"": [], ""time_refs"": []}",[],[],[],[],884
204,00:00,2630.0,service equ -- other,0.0,00:00,Short in circuit. Synergi vil bli skreve n,"{""depths"": [], ""equipment"": [], ""measurements"": [], ""time_refs"": []}",[],[],[],[],891
205,00:00,0.0,service equ -- wellhead tubular equ,0.0,00:00,Unable to achieve acceptable connector test against BPV plug.,"{""depths"": [], ""equipment"": [], ""measurements"": [], ""time_refs"": []}",[],[],[],[],901
206,00:00,0.0,hoisting equ -- top drive,0.0,00:00,Changing fittings on TDS,"{""depths"": [], ""equipment"": [""tds""], ""measurements"": [], ""time_refs"": []}",[],"[""tds""]",[],[],901
207,00:00,0.0,service equ -- cementing unit,0.0,00:00,"Damage on seal face on 7"" swage","{""depths"": [], ""equipment"": [], ""measurements"": [], ""time_refs"": []}",[],[],[],[],901
208,00:00,0.0,miscellaneous equ syst -- o ther,0.0,00:00,Cement blocking 1502 hose down to wellhead. Unable to pressure up A-annulus to equalize pressure over ASV packer.,"{""depths"": [], ""equipment"": [""packer""], ""measurements"": [], ""time_refs"": []}",[],"[""packer""]",[],[],902
209,00:00,0.0,pipe handling equ syst -- drill floor tube handl syst,0.0,00:00,Overtorqued swedge due to wrong torque setting,"{""depths"": [], ""equipment"": [], ""measurements"": [], ""time_refs"": []}",[],[],[],[],904
210,00:00,0.0,drillstring downhole -- other,0.0,00:00,M/U wrong XO. XO broken.,"{""depths"": [], ""equipment"": [""xo""], ""measurements"": [], ""time_refs"": []}",[],"[""xo""]",[],[],905
211,00:00,0.0,pipe handling equ syst -- elevator,0.0,00:00,Repaired elevator leak. HYD. Replaced valve on same .,"{""depths"": [], ""equipment"": [""elevator""], ""measurements"": [], ""time_refs"": []}",[],"[""elevator""]",[],[],906
212,00:00,0.0,drillstring downhole -- other,0.0,00:00,Not able to fit rig tongs to BHA,"{""depths"": [], ""equipment"": [""bha""], ""measurements"": [], ""time_refs"": []}",[],"[""bha""]",[],[],912
213,00:00,0.0,well control equ syst -- other,0.0,00:00,Not able to pull diverter,"{""depths"": [], ""equipment"": [], ""measurements"": [], ""time_refs"": []}",[],[],[],[],912
214,00:00,0.0,service equ -- cementing unit,0.0,00:00,Spring from bow-centralizer on EZSV RT lost in well.,"{""depths"": [], ""equipment"": [], ""measurements"": [], ""time_refs"": []}",[],[],[],[],916
215,00:00,90.0,miscellaneous equ syst -- other,0.0,00:00,Problem due to transferring of main breakers between Inspirer and production module.,"{""depths"": [], ""equipment"": [], ""measurements"": [], ""time_refs"": []}",[],[],[],[],923
216,00:00,1333.0,mud and bulk syst -- mud sup ply,0.0,00:00,"Mud pump 1 and 2 shot down. Stopped drilling. Circulated with mud pump # 3, 2000lpm reciprocated the string.","{""depths"": [], ""equipment"": [], ""measurements"": [""2000lpm""], ""time_refs"": []}",[],[],"[""2000lpm""]",[],930
217,00:00,214.0,pipe handling equ syst -- elev ator,0.0,00:00,Hose came off elevator. Re-connected hose.,"{""depths"": [], ""equipment"": [""elevator""], ""measurements"": [], ""time_refs"": []}",[],"[""elevator""]",[],[],930
218,00:00,1218.0,pipe handling equ syst -- ele vator,0.0,00:00,"Unable to open/close 5½"" elevators. Trouble shooted elevator. Rigged down 5½"" elevator. Changed out H ydraulic filter.","{""depths"": [], ""equipment"": [""elevator""], ""measurements"": [], ""time_refs"": []}",[],"[""elevator""]",[],[],932
219,00:00,127.0,pipe handling equ syst -- other,0.0,00:00,Functioned auto slips and found hydraulic leak. Repaired leak in auto slips .,"{""depths"": [], ""equipment"": [""slips""], ""measurements"": [], ""time_refs"": []}",[],"[""slips""]",[],[],937
220,00:00,854.0,pipe handling equ syst -- vertical pipe handling equ syst,0.0,00:00,Problems with racking syste m,"{""depths"": [], ""equipment"": [], ""measurements"": [], ""time_refs"": []}",[],[],[],[],939
221,00:00,1355.0,drill floor -- drilling control,0.0,00:00,Black out on VICIS system. Problems with drilling controls .,"{""depths"": [], ""equipment"": [], ""measurements"": [], ""time_refs"": []}",[],[],[],[],940
222,00:00,581.0,pipe handling equ syst -- elevator,0.0,00:00,BX-elevator not able to close properly due to slack spring in closing mechanisme.,"{""depths"": [], ""equipment"": [""elevator""], ""measurements"": [], ""time_refs"": []}",[],"[""elevator""]",[],[],959
223,00:00,0.0,pipe handling equ syst - - elevator,0.0,00:00,"BX elevator not operating probably. Changed out BX elevators due to latching problem, back up set will not work, install original elevators & investigated problem with latch.","{""depths"": [], ""equipment"": [""elevator""], ""measurements"": [], ""time_refs"": []}",[],"[""elevator""]",[],[],969
224,00:00,2534.0,miscellaneous equ syst -- other,0.0,00:00,Poor plan and excess time used on changing wash pipe.,"{""depths"": [], ""equipment"": [], ""measurements"": [], ""time_refs"": []}",[],[],[],[],971
225,00:00,4086.0,hoisting equ -- top drive,0.0,00:00,Attempted to pressure test line from cmt unit to standpipe on rig floor. No go due to minor cmt pump issue and w ash pipe failure.,"{""depths"": [], ""equipment"": [], ""measurements"": [], ""time_refs"": []}",[],[],[],[],977
226,00:00,241.0,miscellaneous equ syst -- other,0.0,00:00,"Mærsk synergi # 330445 - 3,5"" DP coming off end of hydraulic rollers. Mærsk gradering green 3 3,5"" DP coming off end of hydraulic rollers. Unable to stop rollers by various means.","{""depths"": [], ""equipment"": [], ""measurements"": [], ""time_refs"": []}",[],[],[],[],978
227,00:00,125.0,pipe handling equ syst -- elevator,0.0,00:00,Hold tool box talk and racked back/laid out BHA. Problem with BX elevator.,"{""depths"": [], ""equipment"": [""elevator"", ""bha""], ""measurements"": [], ""time_refs"": []}",[],"[""elevator"", ""bha""]",[],[],979
228,00:00,2631.0,mud and bulk syst -- mud mixing storage,0.0,00:00,Problem with mixing found hopper blocked and cell feeder did shut off.,"{""depths"": [], ""equipment"": [], ""measurements"": [], ""time_refs"": []}",[],[],[],[],980
229,00:00,2127.0,pipe handling equ syst -- vertical pipe handling equ syst,0.0,00:00,Investigated fault with PRS. Found VFD Variable frequency drive fault. Fault reset.,"{""depths"": [], ""equipment"": [""prs""], ""measurements"": [], ""time_refs"": []}",[],"[""prs""]",[],[],980
230,00:00,112.0,pipe handling equ syst -- vertical pipe handling equ syst,0.0,00:00,Had to change dies in PRS gripper head due to slippage.,"{""depths"": [], ""equipment"": [""prs""], ""measurements"": [], ""time_refs"": []}",[],"[""prs""]",[],[],982
231,00:00,0.0,pipe handling equ syst -- vertical pipe handling equ syst,0.0,00:00,Repaired hydraulic leakage,"{""depths"": [], ""equipment"": [], ""measurements"": [], ""time_refs"": []}",[],[],[],[],982
232,00:00,1121.0,pipe handling equ syst -- other,0.0,00:00,Got problems with hydraulic system and tailing arm,"{""depths"": [], ""equipment"": [], ""measurements"": [], ""time_refs"": []}",[],[],[],[],983
233,00:00,1420.0,pipe handling equ syst -- vertical pipe handling equ syst,0.0,00:00,Problems with PRS flush joint elevator.,"{""depths"": [], ""equipment"": [""elevator"", ""prs""], ""measurements"": [], ""time_refs"": []}",[],"[""elevator"", ""prs""]",[],[],983
234,00:00,1801.0,pipe handling equ syst -- vertical pipe handling equ syst,0.0,00:00,Problems with spooling for PRS.,"{""depths"": [], ""equipment"": [""prs""], ""measurements"": [], ""time_refs"": []}",[],"[""prs""]",[],[],991
235,00:00,2084.0,pipe handling equ syst -- vertical pipe handling equ syst,0.0,00:00,Retracted PRS arm with unsufficient/wron grip.,"{""depths"": [], ""equipment"": [""prs""], ""measurements"": [], ""time_refs"": []}",[],"[""prs""]",[],[],992
236,00:00,2447.0,pipe handling equ syst -- vertical pipe handling equ syst,0.0,00:00,Repaired leakage on hose bundle in top of PRS.,"{""depths"": [], ""equipment"": [""prs""], ""measurements"": [], ""time_refs"": []}",[],"[""prs""]",[],[],995
237,00:00,0.0,miscellaneous equ syst -- other,0.0,00:00,Not able to function FMS after hook-up.,"{""depths"": [], ""equipment"": [], ""measurements"": [], ""time_refs"": []}",[],[],[],[],995
238,00:00,140.0,pipe handling equ syst -- other,0.0,00:00,Problems when hooking up PS-30 slips,"{""depths"": [], ""equipment"": [""slips""], ""measurements"": [], ""time_refs"": []}",[],"[""slips""]",[],[],999
239,00:00,914.0,pipe handling equ syst -- other,0.0,00:00,Problems with HTS rollers,"{""depths"": [], ""equipment"": [], ""measurements"": [], ""time_refs"": []}",[],[],[],[],999
240,00:00,1371.0,pipe handling equ syst -- vertical pipe handling equ syst,0.0,00:00,"Misalignment on PRS pick up tool, difficult to stab casing","{""depths"": [], ""equipment"": [""casing"", ""prs""], ""measurements"": [], ""time_refs"": []}",[],"[""casing"", ""prs""]",[],[],999
